mtllib polygonal+demon+3d+model.mtl
o tripo_node_b29cc487-57ee-4a00-83c9-2cdb93d4c344
g tripo_node_b29cc487-57ee-4a00-83c9-2cdb93d4c344
usemtl tripo_node_b29cc487_57ee_4a00_83c9_2cdb93d4c344_material
v 0.065429688 0.000000174 0.135742188
vt 0.948486328 0.371826172
vn 0.307688117 -0.575929046 0.757386148
v 0.065429688 0.017578125 0.133789062
vt 0.944580078 0.368896484
vn 0.354484648 0.464768738 0.811375916
v 0.002929688 0.029296875 0.125976562
vt 0.962402344 0.337646484
vn 0.118326858 0.244542167 0.962391794
v -0.051757812 0.000000144 0.125976562
vt 0.997070312 0.339355469
vn -0.576773286 -0.545169234 0.608377337
v -0.036132812 0.207031250 0.110351562
vt 0.951416016 0.246337891
vn -0.552346647 0.544455945 0.631253302
vt 0.971435547 0.022216797
vt 0.984375000 0.025878906
v 0.098632812 0.027343750 0.090820312
vt 0.971679688 0.048828125
vn 0.827978909 0.559871435 0.031542052
v 0.096679688 0.000000178 0.098632812
vt 0.990722656 0.060058594
vn 0.763945341 -0.606430829 0.220520303
v 0.038085938 0.046875000 0.084960938
vt 0.932861328 0.036865234
vn 0.786524355 0.613488972 0.070787191
vt 0.942382812 0.010986328
v 0.045898438 0.156250000 0.075195312
vt 0.880126953 0.005126953
vn 0.991880059 -0.118080959 0.047232382
v 0.014648438 0.029296875 0.041992188
vt 0.925292969 0.065185547
vn 0.395037889 0.063206062 -0.916487932
v 0.086914062 0.015625000 0.063476562
vt 0.957763672 0.057373047
vn 0.637281895 0.354045510 -0.684487939
v 0.084960938 0.000000169 0.061523438
vt 0.960205078 0.064453125
vn 0.512510598 -0.615012705 -0.599243164
v -0.028320312 0.000000122 0.034179688
vt 0.912597656 0.104736328
vn -0.141855463 -0.638349593 -0.756562531
vt 0.411132812 0.108398438
vt 0.412841797 0.141845703
vt 0.352050781 0.160644531
v -0.059570312 0.000000123 0.053710938
vt 0.333984375 0.125244141
vn -0.735827625 -0.585497260 -0.340221375
v -0.045898438 0.201171875 0.047851562
vt 0.239990234 0.159179688
vn -0.777793407 0.502815962 -0.377111942
vt 0.333496094 0.106689453
vt 1.000000000 0.331298828
vt 0.962890625 0.217041016
vt 0.998046875 0.206787109
vt 0.000000000 0.315917969
vt 0.000000000 0.198974609
v -0.016601562 0.201171875 0.028320312
vt 0.020263672 0.201171875
vn -0.188689977 0.479587018 -0.856966972
vt 0.970947266 0.728759766
vt 0.970947266 0.622070312
vt 0.993164062 0.712158203
vt 0.817138672 0.922363281
vt 0.852294922 0.900146484
v -0.028320312 0.210937500 0.102539062
vt 0.852539062 0.904541016
vn -0.441492647 0.725309372 0.528214395
v -0.036132812 0.205078125 0.051757812
vt 0.820068359 0.923095703
vn -0.677060366 0.653442025 -0.338530183
vt 0.801025391 0.932373047
v -0.014648438 0.205078125 0.036132812
vt 0.805664062 0.932861328
vn -0.228615910 0.512414992 -0.827747285
v 0.020507812 0.207031250 0.108398438
vt 0.883544922 0.908935547
vn 0.377100348 0.526369214 0.762056947
vt 0.903320312 0.795410156
v 0.016601562 0.210937500 0.100585938
vt 0.882812500 0.914550781
vn 0.315626651 0.591800034 0.741722643
v 0.034179688 0.205078125 0.094726562
vt 0.894775391 0.911376953
vn 0.560132742 0.276121765 0.781030178
vt 0.918945312 0.883544922
v 0.063476562 0.203125000 0.073242188
vt 0.915283203 0.915283203
vn 0.997375369 -0.047120094 0.054973446
v 0.026367188 0.208984375 0.092773438
vt 0.890869141 0.916259766
vn 0.450146526 0.560708821 0.694963098
v 0.051757812 0.251953125 0.067382812
vt 0.923828125 0.942138672
vn 0.637084723 0.770793855 0.000000000
v 0.043945312 0.253906250 0.065429688
vt 0.922363281 0.945312500
vn 0.991757095 0.125937402 0.023613265
vt 0.963867188 0.477539062
vt 0.941650391 0.381103516
v 0.020507812 0.199218750 0.032226562
vt 0.964111328 0.382080078
vn 0.425738364 0.346897930 -0.835708618
vt 0.945068359 0.376708984
v 0.016601562 0.205078125 0.038085938
vt 0.964843750 0.376953125
vn 0.386919826 0.386919826 -0.837010264
v 0.032226562 0.201171875 0.045898438
vt 0.974609375 0.380859375
vn 0.590075850 0.212427288 -0.778900027
vt 0.995361328 0.408447266
vt 0.995849609 0.379394531
v 0.024414062 0.205078125 0.047851562
vt 0.971923828 0.376220703
vn 0.518273115 0.431894273 -0.738146544
vt 0.995605469 0.352539062
vt 0.992431641 0.350830078
vt 0.436767578 0.522216797
vt 0.437255859 0.479736328
v -0.026367188 0.412109375 0.090820312
vt 0.583984375 0.533935547
vn -0.323065042 0.039398178 0.945556283
v 0.036132812 0.408203125 0.084960938
vt 0.597656250 0.477783203
vn 0.576773405 0.071109042 0.813803494
vt 0.434814453 0.469238281
vt 0.465820312 0.440429688
v -0.047851562 0.345703125 0.038085938
vt 0.541748047 0.595703125
vn -0.925839126 -0.376612544 -0.031384379
vt 0.424560547 0.565673828
v -0.018554688 0.341796875 0.016601562
vt 0.527343750 0.623046875
vn -0.370573074 -0.741146147 -0.559801817
vt 0.415039062 0.587402344
v -0.045898438 0.353515625 0.000976443
vt 0.550537109 0.621582031
vn -0.654009819 -0.756445110 -0.007879636
v 0.030273438 0.337890625 0.012695312
vt 0.508300781 0.655273438
vn 0.339161426 -0.788747489 -0.512685895
vt 0.399414062 0.608398438
vt 0.392089844 0.615722656
v -0.018554688 0.341796875 0.000976503
vt 0.536376953 0.637207031
vn -0.236956179 -0.971520305 0.000000000
v 0.053710938 0.347656250 0.032226562
vt 0.498779297 0.674072266
vn 0.937240422 -0.330790728 0.110263579
vt 0.395751953 0.645996094
v 0.030273438 0.337890625 0.000976562
vt 0.522949219 0.665283203
vn 0.125972539 -0.992033720 0.000000000
v 0.057617188 0.345703125 0.000976562
vt 0.510253906 0.681884766
vn 0.645589232 -0.763684809 0.000000000
v 0.079101562 0.388671875 0.000976562
vt 0.496826172 0.699707031
vn 0.990989983 -0.133704990 0.007865000
v 0.053710938 0.347656250 -0.032226562
vt 0.520751953 0.693359375
vn 0.938026190 -0.331068069 -0.102473453
v 0.030273438 0.337890625 -0.012695312
vt 0.531005859 0.679687500
vn 0.339161426 -0.788747489 0.512685895
v -0.018554688 0.341796875 -0.016601562
vt 0.546875000 0.653320312
vn -0.361611098 -0.746805489 0.558138847
v -0.047851562 0.345703125 -0.038085938
vt 0.564208984 0.643798828
vn -0.926038682 -0.376693696 0.023543356
v -0.036132812 0.205078125 -0.051757812
vt 0.604980469 0.740234375
vn -0.677060366 0.653442025 0.338530183
v -0.014647484 0.205078125 -0.036132812
vt 0.592529297 0.745849609
vn -0.228615910 0.512414992 0.827747285
v 0.016601562 0.205078125 -0.038085938
vt 0.580078125 0.760253906
vn 0.386919826 0.386919826 0.837010264
v 0.024414062 0.205078125 -0.047851562
vt 0.575683594 0.770263672
vn 0.518273115 0.431894273 0.738146544
v 0.043945312 0.253906250 -0.065429688
vt 0.550781250 0.769287109
vn 0.991757095 0.125937402 -0.023613265
vt 0.056640625 0.173583984
vt 0.056640625 0.290527344
vt 0.021240234 0.224121094
vt 0.344482422 0.371093750
vt 0.362792969 0.421142578
v -0.010742188 0.498046875 0.077148438
vt 0.278320312 0.405761719
vn -0.031411458 -0.141351551 0.989460945
v -0.047851562 0.490234375 0.061523438
vt 0.271972656 0.371582031
vn -0.810170114 -0.117985949 0.574198306
v 0.040039062 0.494140625 0.063476562
vt 0.292724609 0.447753906
vn 0.575213492 -0.189111277 0.795843244
vt 0.388916016 0.498291016
vt 0.419921875 0.460693359
v 0.075195312 0.496093750 0.000976562
vt 0.298828125 0.508300781
vn 0.967664421 -0.251750082 0.015734380
v 0.040039062 0.494140625 -0.063476562
vt 0.306152344 0.569824219
vn 0.575213492 -0.189111277 -0.795843244
v 0.036132812 0.408203125 -0.084960938
vt 0.380126953 0.580810547
vn 0.582010031 0.070784993 -0.810094953
vt 0.427246094 0.529541016
v -0.010742188 0.498046875 -0.077148438
vt 0.301269531 0.614257812
vn -0.031411458 -0.141351551 -0.989460945
v -0.026367188 0.412109375 -0.090820312
vt 0.373291016 0.633544922
vn -0.323065042 0.039398178 -0.945556283
v -0.047851562 0.490234375 -0.061523438
vt 0.302246094 0.648925781
vn -0.810170114 -0.117985949 -0.574198306
v -0.069335938 0.404296875 -0.059570312
vt 0.370849609 0.678955078
vn -0.889488101 -0.086587340 -0.448679835
vt 0.426269531 0.685302734
v -0.053710938 0.443359375 -0.024414062
vt 0.326904297 0.693359375
vn -0.963171303 0.173686624 0.205265999
v -0.055664062 0.492187500 -0.020507812
vt 0.287353516 0.680908203
vn -0.967993915 -0.165267244 0.188876867
v -0.043945312 0.498046875 0.000976562
vt 0.275634766 0.698730469
vn -0.981789708 -0.188503623 -0.023562953
v -0.069335938 0.390625000 -0.016601562
vt 0.389160156 0.712158203
vn -0.984954417 -0.070916712 0.157592714
v -0.045898438 0.437500000 0.000976503
vt 0.325927734 0.716308594
vn -0.980550528 0.196110100 -0.007844404
v -0.063476562 0.384765625 0.000976443
vt 0.398925781 0.725341797
vn -0.982032180 -0.188550174 -0.007856257
vt 0.428466797 0.718750000
vt 0.440185547 0.748779297
v -0.053710938 0.443359375 0.024414062
vt 0.320800781 0.737304688
vn -0.959945738 0.173104972 -0.220315412
v -0.055664062 0.492187500 0.020507812
vt 0.275146484 0.718505859
vn -0.964464486 -0.166014373 -0.205541611
vt 0.266357422 0.752929688
v -0.069335938 0.390625000 0.016601562
vt 0.367431641 0.742431641
vn -0.981547534 -0.062819041 -0.180604741
v -0.069335938 0.404296875 0.059570312
vt 0.347656250 0.775146484
vn -0.889488101 -0.086587340 0.448679835
vt 0.357421875 0.819335938
vt 0.591308594 0.077148438
vt 0.605712891 0.075927734
v -0.063476562 0.558593750 0.000976562
vt 0.591552734 0.115966797
vn -0.978595018 -0.205189273 -0.015783790
v -0.075195312 0.560546875 0.024414062
vt 0.607177734 0.119384766
vn -0.976135910 -0.149569213 -0.157441273
v -0.069335938 0.603515625 0.000976562
vt 0.589355469 0.143554688
vn -0.989918888 0.141416982 -0.007856499
vt 0.893066406 0.987792969
vt 0.893066406 0.951171875
vt 0.907470703 0.989013672
v -0.075195312 0.560546875 -0.024414062
vt 0.908935547 0.947998047
vn -0.978442669 -0.149922669 0.142031997
vt 0.891113281 0.925048828
vt 0.988525391 0.916748047
vt 0.955078125 0.936035156
vt 0.958007812 0.858154297
vt 0.256835938 0.413330078
vt 0.189453125 0.391845703
vt 0.260742188 0.369628906
v -0.073242188 0.562500000 -0.063476562
vt 0.188964844 0.350830078
vn -0.928558290 -0.031476554 -0.369849503
v -0.043945312 0.552734375 -0.098632812
vt 0.216796875 0.311035156
vn -0.637439609 -0.432829380 -0.637439609
v -0.041992188 0.589843750 -0.100585938
vt 0.178710938 0.297851562
vn -0.914861739 -0.394336939 -0.086754136
v -0.040039062 0.585937500 -0.137695312
vt 0.200195312 0.262939453
vn -0.761328995 -0.643597662 -0.078487523
v -0.024414062 0.566406250 -0.155273438
vt 0.220947266 0.248535156
vn -0.606280446 -0.779503405 -0.157475427
v -0.049804688 0.591796875 -0.139648438
vt 0.187011719 0.258789062
vn -0.884443223 -0.426427990 -0.189523548
v -0.061523438 0.597656250 -0.104492188
vt 0.163085938 0.283203125
vn -0.904782891 -0.416986912 0.086544454
v -0.051757812 0.628906250 -0.122070312
vt 0.148193359 0.248535156
vn -0.813118517 0.544710457 -0.205253214
vt 0.457763672 0.775146484
vt 0.494628906 0.775390625
v -0.073242188 0.615234375 -0.034179688
vt 0.491455078 0.799072266
vn -0.902384102 0.360953659 -0.235404566
vt 0.446777344 0.800048828
v -0.053710938 0.648437500 0.000976562
vt 0.526855469 0.791259766
vn -0.892813563 0.450357288 0.007901005
v -0.043945312 0.605468750 -0.071289062
vt 0.478515625 0.824707031
vn -0.995464385 0.094806135 0.007900511
vt 0.452636719 0.825683594
vt 0.449218750 0.834228516
v -0.041992188 0.656250000 -0.030273438
vt 0.527832031 0.817626953
vn -0.631017685 0.528477311 -0.567915857
v -0.053710938 0.613281250 -0.073242188
vt 0.475341797 0.831054688
vn -0.818491817 0.000000000 0.574518323
vt 0.445068359 0.849365234
v -0.028320312 0.630859375 -0.061523438
vt 0.497558594 0.834960938
vn -0.635416269 0.721707344 0.274562567
v -0.032226562 0.687500000 -0.024414062
vt 0.559326172 0.819091797
vn -0.678745270 -0.260448784 -0.686637640
v -0.032226562 0.638671875 -0.063476562
vt 0.487548828 0.841552734
vn -0.495817155 0.598128676 0.629609108
v -0.028320312 0.644531250 -0.125976562
vt 0.443115234 0.861572266
vn -0.425091445 0.873799086 -0.236161917
v -0.040039062 0.685546875 0.000976562
vt 0.554443359 0.791503906
vn -0.983368337 -0.180939779 0.015733894
v -0.010742188 0.656250000 -0.038085938
vt 0.530761719 0.839843750
vn 0.118165195 0.512049139 -0.850789368
v -0.006835938 0.652343750 -0.108398438
vt 0.459960938 0.865966797
vn 0.007872796 0.999845028 -0.015745591
v -0.006835938 0.642578125 -0.147460938
vt 0.435546875 0.878173828
vn 0.007857470 0.864321709 -0.502878070
v 0.012695312 0.644531250 -0.125976562
vt 0.452148438 0.879882812
vn 0.418609500 0.876710415 -0.236948773
v -0.006835938 0.646484375 -0.061523438
vt 0.494140625 0.852783203
vn 0.000000000 0.763684809 0.645589232
v 0.018554688 0.638671875 -0.063476562
vt 0.493652344 0.866943359
vn 0.495817155 0.598128676 0.629609108
v 0.038085938 0.628906250 -0.122070312
vt 0.456054688 0.891601562
vn 0.803348899 0.559193850 -0.204775214
v -0.006835938 0.636718750 -0.059570312
vt 0.503906250 0.848632812
vn 0.062757164 0.933512747 0.353009045
v 0.014648438 0.630859375 -0.061523438
vt 0.500732422 0.864013672
vn 0.663146436 0.592095077 0.457886815
v 0.008789062 0.656250000 -0.024414062
vt 0.530029297 0.856933594
vn 0.780083895 0.323065042 -0.535815179
v 0.022460938 0.679687500 0.000976562
vt 0.541748047 0.870605469
vn 0.536348283 -0.843959868 0.007887475
v 0.016601562 0.652343750 0.000976562
vt 0.526367188 0.867675781
vn 0.926266909 0.376786530 0.007849719
v 0.012695312 0.683593750 -0.026367188
vt 0.550292969 0.857666016
vn 0.330421984 -0.605773687 -0.723781526
v -0.010742188 0.687500000 -0.032226562
vt 0.560546875 0.841552734
vn -0.102473453 -0.331068069 -0.938026190
v 0.032226562 0.718750000 -0.061523438
vt 0.587402344 0.883300781
vn -0.392184019 -0.902023196 -0.180404648
v -0.006835938 0.742187500 -0.081054688
vt 0.615478516 0.864990234
vn -0.339668959 -0.940014124 -0.031597115
v -0.040039062 0.748046875 -0.077148438
vt 0.620849609 0.836914062
vn 0.086837903 -0.994688690 0.055260483
v -0.006835938 0.714843750 -0.120117188
vt 0.653808594 0.875000000
vn -0.252690226 -0.931795180 0.260586798
v -0.071289062 0.742187500 -0.047851562
vt 0.613525391 0.801757812
vn 0.149894685 -0.986149251 -0.071002737
v -0.083007812 0.732421875 0.000976562
vt 0.599853516 0.762695312
vn 0.094809093 -0.995495498 0.000000000
v -0.053710938 0.710937500 -0.106445312
vt 0.659912109 0.830078125
vn 0.110414349 -0.985842407 0.126187831
v -0.100585938 0.708984375 -0.067382812
vt 0.649169922 0.785400391
vn 0.157985568 -0.987409830 0.007899279
v -0.116210938 0.701171875 0.000976562
vt 0.627197266 0.737060547
vn 0.363208234 -0.931708038 0.000000000
v -0.006835938 0.714843750 -0.137695312
vt 0.666748047 0.868652344
vn 0.047318965 -0.481076151 -0.875400841
v 0.043945312 0.687500000 -0.088867188
vt 0.697265625 0.906494141
vn -0.292273313 -0.955812752 0.031597115
v -0.061523438 0.716796875 -0.118164062
vt 0.674804688 0.828369141
vn -0.442001224 -0.426215470 -0.789287865
v -0.006835938 0.724609375 -0.135742188
vt 0.676513672 0.873046875
vn 0.094856471 0.173903540 -0.980183542
v -0.112304688 0.712890625 -0.075195312
vt 0.660400391 0.781494141
vn -0.717225015 -0.480777204 -0.504422009
v -0.131835938 0.699218750 0.000976562
vt 0.635986328 0.728027344
vn -0.695158184 -0.718856752 0.000000000
v -0.106445312 0.748046875 -0.073242188
vt 0.688720703 0.775878906
vn -0.809619308 0.078603819 -0.581668258
v -0.129882812 0.748046875 0.000976562
vt 0.674316406 0.716308594
vn -0.999969006 0.007873772 0.000000000
v -0.073242188 0.615234375 0.034179688
vt 0.667968750 0.251953125
vn -0.904027700 0.361611098 0.227972209
vt 0.688476562 0.267822266
vt 0.679199219 0.298828125
vt 0.696289062 0.220947266
v -0.041992188 0.656250000 0.030273438
vt 0.676269531 0.200439453
vn -0.630782247 0.520395339 0.575588822
v -0.073242188 0.562500000 0.063476562
vt 0.631591797 0.275390625
vn -0.928558290 -0.031476554 0.369849503
v -0.043945312 0.605468750 0.071289062
vt 0.631103516 0.231201172
vn -0.995464385 0.094806135 -0.007900511
v -0.032226562 0.687500000 0.024414062
vt 0.699707031 0.176513672
vn -0.670769274 -0.260416299 0.694443524
vt 0.715087891 0.192138672
v -0.071289062 0.742187500 0.047851562
vt 0.754638672 0.155517578
vn 0.149894685 -0.986149251 0.071002737
vt 0.765380859 0.177246094
v -0.040039062 0.748046875 0.077148438
vt 0.754150391 0.136474609
vn 0.086837903 -0.994688690 -0.055260483
v -0.010742188 0.687500000 0.032226562
vt 0.693115234 0.162109375
vn -0.102473453 -0.331068069 0.938026190
v -0.006835938 0.742187500 0.081054688
vt 0.739257812 0.128173828
vn -0.339668959 -0.940014124 0.031597115
v 0.032226562 0.718750000 0.061523438
vt 0.715820312 0.122802734
vn -0.392184019 -0.902023196 0.180404648
v 0.012695312 0.683593750 0.026367188
vt 0.682373047 0.149414062
vn 0.323065042 -0.598852336 0.732806087
v -0.010742188 0.656250000 0.038085938
vt 0.665771484 0.178222656
vn 0.118165195 0.512049139 0.850789368
v -0.028320312 0.630859375 0.061523438
vt 0.638916016 0.201660156
vn -0.635416269 0.721707344 -0.274562567
v 0.008789062 0.656250000 0.024414062
vt 0.667480469 0.157714844
vn 0.773646712 0.323668540 0.544710457
vt 0.677246094 0.133300781
vt 0.664550781 0.143798828
v -0.006835938 0.636718750 0.059570312
vt 0.637451172 0.180664062
vn 0.062757164 0.933512747 -0.353009045
v 0.014648438 0.630859375 0.061523438
vt 0.626220703 0.163574219
vn 0.663146436 0.592095077 -0.457886815
v 0.018554688 0.638671875 0.063476562
vt 0.619628906 0.163085938
vn 0.495817155 0.598128676 -0.629609108
v -0.006835938 0.646484375 0.061523438
vt 0.628173828 0.180908203
vn 0.000000000 0.763684809 -0.645589232
v 0.012695312 0.644531250 0.125976562
vt 0.564208984 0.159667969
vn 0.418609500 0.876710415 0.236948773
v 0.038085938 0.628906250 0.122070312
vt 0.562744141 0.139404297
vn 0.803348899 0.559193850 0.204775214
v -0.006835938 0.652343750 0.108398438
vt 0.584716797 0.178222656
vn 0.007872796 0.999845028 0.015745591
v -0.006835938 0.642578125 0.147460938
vt 0.547607422 0.175537109
vn 0.007857470 0.864321709 0.502878070
v -0.028320312 0.644531250 0.125976562
vt 0.570556641 0.193603516
vn -0.425091445 0.873799086 0.236161917
v -0.032226562 0.638671875 0.063476562
vt 0.628662109 0.198974609
vn -0.495817155 0.598128676 -0.629609108
v -0.051757812 0.628906250 0.122070312
vt 0.578613281 0.217773438
vn -0.813118517 0.544710457 0.205253214
v -0.053710938 0.613281250 0.073242188
vt 0.622558594 0.224609375
vn -0.818491817 0.000000000 -0.574518323
v -0.061523438 0.597656250 0.104492188
vt 0.597656250 0.240722656
vn -0.904782891 -0.416986912 -0.086544454
v -0.041992188 0.589843750 0.100585938
vt 0.617187500 0.248291016
vn -0.914861739 -0.394336939 0.086754136
vt 0.951660156 0.886474609
vt 0.930908203 0.859619141
vt 0.952392578 0.849609375
vt 0.930419922 0.808349609
vt 0.332519531 0.263916016
vt 0.397460938 0.243652344
v -0.043945312 0.552734375 0.098632812
vt 0.360595703 0.301513672
vn -0.637439609 -0.432829380 0.637439609
vt 0.419921875 0.279052734
vt 0.320556641 0.295410156
v -0.040039062 0.585937500 0.137695312
vt 0.316894531 0.334716797
vn -0.761328995 -0.643597662 0.078487523
v -0.049804688 0.591796875 0.139648438
vt 0.304931641 0.333251953
vn -0.884443223 -0.426427990 0.189523548
vt 0.299316406 0.298339844
vt 0.266601562 0.321289062
v -0.024414062 0.566406250 0.155273438
vt 0.338623047 0.357910156
vn -0.606280446 -0.779503405 0.157475427
v -0.006835938 0.546875000 0.092773438
vt 0.387207031 0.321289062
vn 0.094371237 -0.692055762 0.715648532
v -0.006835938 0.560546875 0.157226562
vt 0.354980469 0.370849609
vn 0.015799543 -0.995371222 0.094797261
v 0.008789062 0.566406250 0.155273438
vt 0.371093750 0.380859375
vn 0.596505165 -0.792723954 0.125580043
v 0.030273438 0.554687500 0.090820312
vt 0.414550781 0.332275391
vn 0.731196284 -0.298768371 0.613261402
vt 0.473876953 0.295410156
v 0.026367188 0.585937500 0.137695312
vt 0.398681641 0.396972656
vn 0.732351661 -0.677228391 0.070872739
v 0.053710938 0.505859375 0.061523438
vt 0.481689453 0.308593750
vn 0.732419729 -0.338645667 0.590661108
vt 0.536132812 0.279785156
v 0.053710938 0.582031250 0.051757812
vt 0.464355469 0.347900391
vn 0.843644977 0.268074095 0.465187401
v 0.028320312 0.589843750 0.100585938
vt 0.429931641 0.385009766
vn 0.885216475 -0.458415657 -0.079037182
v 0.036132812 0.591796875 0.139648438
vt 0.400390625 0.409912109
vn 0.884443223 -0.426427990 0.189523548
v 0.047851562 0.597656250 0.104492188
vt 0.430419922 0.408691406
vn 0.904782891 -0.416986912 -0.086544454
vt 0.414306641 0.446777344
vt 0.762939453 0.936523438
vt 0.762939453 0.970458984
vt 0.744384766 0.962646484
vt 0.868408203 0.405517578
vt 0.858154297 0.447998047
v -0.032226562 0.609375000 0.172851562
vt 0.809082031 0.437011719
vn -0.488673985 0.338919044 0.803947508
vt 0.843261719 0.380615234
vt 0.807617188 0.384765625
v -0.040039062 0.582031250 0.172851562
vt 0.824707031 0.462890625
vn -0.598110080 -0.464322269 0.653199136
vt 0.863769531 0.463134766
v -0.006835938 0.617187500 0.174804688
vt 0.787353516 0.419677734
vn 0.000000000 0.363208234 0.931708038
v -0.030273438 0.578125000 0.170898438
vt 0.821289062 0.474365234
vn -0.856305659 -0.463504881 0.227824435
vt 0.844238281 0.482910156
v -0.024414062 0.603515625 0.172851562
vt 0.798339844 0.446289062
vn -0.410378546 0.363027185 0.836540937
v -0.006835938 0.609375000 0.172851562
vt 0.780273438 0.429199219
vn 0.000000000 0.512176275 0.858880281
v 0.018554688 0.609375000 0.172851562
vt 0.767822266 0.400146484
vn 0.487358779 0.345867515 0.801783741
vt 0.799560547 0.350585938
vt 0.767089844 0.335693359
vt 0.744140625 0.359375000
v 0.026367188 0.582031250 0.172851562
vt 0.743896484 0.393798828
vn 0.598110080 -0.464322269 0.653199136
vt 0.734863281 0.353759766
v 0.010742188 0.603515625 0.172851562
vt 0.761718750 0.415039062
vn 0.410378546 0.363027185 0.836540937
v -0.006835938 0.609375000 0.231445312
vt 0.733154297 0.481445312
vn 0.015738277 0.818390369 -0.574447155
v 0.016601562 0.578125000 0.170898438
vt 0.736083984 0.399902344
vn 0.833071828 -0.510845900 0.212197542
vt 0.724121094 0.383544922
v 0.014648438 0.566406250 0.239257812
vt 0.670166016 0.445556641
vn 0.597186148 -0.455747306 -0.660047829
v 0.010742188 0.603515625 0.235351562
vt 0.704833984 0.466064453
vn 0.652532637 0.385230124 -0.652532637
v 0.032226562 0.562500000 0.249023438
vt 0.646972656 0.465820312
vn 0.848816335 -0.392970502 -0.353673458
v 0.028320312 0.617187500 0.245117188
vt 0.680908203 0.490478516
vn 0.746690154 0.542332828 -0.385134935
v -0.006835938 0.628906250 0.239257812
vt 0.709960938 0.492187500
vn 0.015775440 0.867649198 -0.496926367
v -0.043945312 0.617187500 0.245117188
vt 0.726806641 0.521484375
vn -0.746690154 0.542332828 -0.385134935
v -0.024414062 0.603515625 0.235351562
vt 0.748046875 0.506347656
vn -0.648794353 0.356045693 -0.672530711
v -0.047851562 0.562500000 0.249023438
vt 0.755615234 0.562744141
vn -0.862831354 -0.337288618 -0.376508236
v -0.028320312 0.566406250 0.239257812
vt 0.773925781 0.544433594
vn -0.573382974 -0.439855397 -0.691201389
v -0.032226562 0.546875000 0.249023438
vt 0.768066406 0.572265625
vn -0.392196059 -0.839299619 -0.376508236
v -0.006835938 0.560546875 0.239257812
vt 0.790039062 0.568359375
vn -0.007854317 -0.824703395 -0.565510809
v 0.006835938 0.542968750 0.249023438
vt 0.782470703 0.607421875
vn 0.243815005 -0.896609962 -0.369655013
vt 0.860595703 0.500244141
vt 0.798339844 0.596435547
vt 0.801757812 0.620605469
vt 0.875732422 0.511718750
vt 0.883300781 0.960205078
vt 0.886474609 0.998046875
v 0.040039062 0.613281250 0.073242188
vt 0.866943359 0.973632812
vn 0.818491817 0.000000000 -0.574518323
vt 0.864013672 0.995361328
vt 0.878662109 0.957275391
v 0.030273438 0.605468750 0.071289062
vt 0.859375000 0.972412109
vn 0.990898013 0.015728539 -0.133692577
vt 0.851806641 0.991210938
vt 0.829833984 0.987304688
vt 0.836914062 0.964843750
v 0.065429688 0.601562500 0.000976562
vt 0.834472656 0.931152344
vn 0.878168046 0.478287965 0.007840786
v 0.045898438 0.625000000 0.000976562
vt 0.852050781 0.925048828
vn 0.756445110 0.654009819 0.007879636
vt 0.884521484 0.930175781
vt 0.875244141 0.917968750
v 0.073242188 0.576171875 0.000976562
vt 0.819335938 0.936523438
vn 0.928759634 0.369929701 0.023612533
v 0.071289062 0.564453125 0.012695312
vt 0.815917969 0.946289062
vn 0.835060000 0.267849416 0.480553389
v 0.086914062 0.556640625 0.000976562
vt 0.804931641 0.939453125
vn 0.947942972 0.315980971 0.039497621
v 0.073242188 0.535156250 0.022460938
vt 0.801757812 0.958740234
vn 0.855303228 0.015693637 0.517890036
vt 0.797851562 0.990722656
v 0.088867188 0.515625000 0.000976562
vt 0.783203125 0.951660156
vn 0.958848059 -0.282938749 0.023578230
v 0.071289062 0.507812500 0.014648438
vt 0.784912109 0.962890625
vn 0.849341154 -0.220199555 0.479720473
vt 0.774658203 0.958496094
vt 0.024658203 0.914550781
vt 0.044433594 0.863525391
v -0.032226562 0.595703125 0.331054688
vt 0.113281250 0.920898438
vn -0.899648011 0.434040725 -0.047349896
vt 0.010498047 0.950927734
v -0.006835938 0.615234375 0.331054688
vt 0.105468750 0.958251953
vn -0.094702743 0.994378805 0.047351371
v -0.036132812 0.611328125 0.391601562
vt 0.164550781 0.947753906
vn -0.559854090 0.796412170 0.228672802
v -0.047851562 0.583984375 0.366210938
vt 0.151611328 0.912841797
vn -0.989674628 -0.023563681 -0.141382083
v -0.030273438 0.566406250 0.329101562
vt 0.123046875 0.885498047
vn -0.722552717 -0.691137373 -0.015707668
vt 0.050292969 0.843017578
v -0.028320312 0.556640625 0.368164062
vt 0.162109375 0.881347656
vn -0.424986154 -0.905063093 0.015740227
vt 0.547607422 0.056884766
vt 0.582763672 0.054931641
vt 0.544677734 0.152832031
v 0.016601562 0.605468750 0.329101562
vt 0.517333984 0.147949219
vn 0.739424348 0.668628395 -0.078662165
v 0.026367188 0.609375000 0.391601562
vt 0.540771484 0.208984375
vn 0.565510929 0.777577519 0.274901122
vt 0.486816406 0.059814453
v 0.045898438 0.578125000 0.354492188
vt 0.492187500 0.183837891
vn 0.894868016 0.251191020 -0.368936837
v 0.018554688 0.570312500 0.327148438
vt 0.477050781 0.142578125
vn 0.843094885 -0.417607754 -0.338813812
v 0.032226562 0.546875000 0.354492188
vt 0.458984375 0.181152344
vn 0.181276649 -0.882738471 -0.433487654
v 0.065429688 0.550781250 0.379882812
vt 0.472656250 0.217773438
vn 0.999380589 0.031476554 -0.015738277
v 0.004882812 0.560546875 0.329101562
vt 0.455810547 0.142822266
vn 0.118515059 -0.987625480 -0.102713048
vt 0.453613281 0.052490234
v 0.016601562 0.552734375 0.372070312
vt 0.436035156 0.185302734
vn -0.133841664 -0.944764793 0.299175501
vt 0.414306641 0.054443359
vt 0.409423828 0.166748047
vt 0.418945312 0.142333984
vt 0.141601562 0.877929688
vt 0.092529297 0.853271484
v 0.061523438 0.542968750 0.379882812
vt 0.108642578 0.854003906
vn 0.573648453 -0.817252517 -0.055007383
vt 0.139648438 0.834716797
v 0.055664062 0.544921875 0.387695312
vt 0.106201172 0.845947266
vn 0.007861353 -0.597462833 0.801857948
v 0.059570312 0.552734375 0.387695312
vt 0.099365234 0.840087891
vn 0.455606639 0.243513912 0.856226325
vt 0.062011719 0.823974609
v 0.036132812 0.582031250 0.374023438
vt 0.085693359 0.801513672
vn 0.875482559 0.212955222 0.433797657
vt 0.073486328 0.765136719
v 0.028320312 0.564453125 0.379882812
vt 0.117431641 0.811035156
vn 0.292245984 -0.489709496 0.821448147
v 0.030273438 0.595703125 0.405273438
vt 0.092529297 0.756347656
vn 0.756444991 0.606731951 0.244268700
v 0.010742188 0.568359375 0.405273438
vt 0.144287109 0.787841797
vn 0.054975137 -0.942430973 0.329850823
vt 0.179687500 0.838134766
v 0.030273438 0.570312500 0.401367188
vt 0.118896484 0.781250000
vn 0.726009130 -0.686552048 0.039457016
v 0.038085938 0.570312500 0.426757812
vt 0.130859375 0.749755859
vn 0.824398339 -0.518193185 -0.227690950
v 0.018554688 0.568359375 0.430664062
vt 0.157226562 0.756347656
vn -0.749333501 -0.646793127 0.141978964
v 0.040039062 0.562500000 0.446289062
vt 0.148681641 0.731445312
vn 0.672257125 -0.703892767 0.229358315
v 0.024414062 0.562500000 0.448242188
vt 0.165771484 0.733886719
vn -0.556507647 -0.705432296 0.438935637
v 0.038085938 0.576171875 0.454101562
vt 0.143798828 0.711914062
vn 0.684530199 0.173099607 0.708134770
v 0.034179688 0.589843750 0.432617188
vt 0.115722656 0.727294922
vn 0.629609108 0.755530894 0.181012616
v 0.030273438 0.578125000 0.456054688
vt 0.133544922 0.704589844
vn -0.252352118 0.315440118 0.914776385
v 0.008789062 0.595703125 0.409179688
vt 0.078613281 0.732421875
vn 0.126364812 0.789780021 0.600232840
v 0.022460938 0.589843750 0.434570312
vt 0.106445312 0.714111328
vn -0.537150919 0.703035831 0.466057420
vt 0.068359375 0.698242188
vt 0.094970703 0.688964844
vt 0.969726562 0.760253906
vt 0.969238281 0.783203125
vt 0.941894531 0.764160156
v -0.006835938 0.615234375 0.391601562
vt 0.934326172 0.801513672
vn 0.031511698 0.937472939 0.346628696
vt 0.968505859 0.862792969
vt 0.814941406 0.034423828
vt 0.817626953 0.011230469
vt 0.825927734 0.016113281
vt 0.831054688 0.050048828
vt 0.850341797 0.032958984
vt 0.620849609 0.062988281
vt 0.649902344 0.087646484
v 0.006835938 0.572265625 0.432617188
vt 0.612060547 0.089843750
vn 0.782199383 -0.608377337 0.134317070
v 0.002929688 0.591796875 0.434570312
vt 0.629150391 0.115478516
vn 0.583909333 0.733832002 0.347189337
v -0.010742188 0.578125000 0.461914062
vt 0.609375000 0.151855469
vn -0.517253458 0.305649787 0.799391747
v -0.000976503 0.578125000 0.461914062
vt 0.603515625 0.145507812
vn 0.457530499 0.323426723 0.828288019
v -0.012695312 0.591796875 0.434570312
vt 0.640380859 0.129638672
vn -0.620874286 0.707325161 0.337944210
v -0.018554688 0.597656250 0.411132812
vt 0.676513672 0.105957031
vn -0.086827084 0.789337039 0.607789576
vt 0.688720703 0.084716797
vt 0.706298828 0.118652344
vt 0.760009766 0.061523438
v -0.041992188 0.593750000 0.407226562
vt 0.689941406 0.128662109
vn -0.806885302 0.553744793 0.205676630
vt 0.038330078 0.026367188
vt 0.069580078 0.057617188
vt 0.020996094 0.048583984
v -0.041992188 0.570312500 0.405273438
vt 0.026611328 0.076171875
vn -0.709630072 -0.701745272 0.063078225
vt 0.066650391 0.099609375
v -0.018554688 0.568359375 0.405273438
vt 0.019531250 0.101806641
vn -0.039297052 -0.943129241 0.330095232
vt 0.744140625 0.923583984
vt 0.755859375 0.929931641
v 0.071289062 0.507812500 -0.014648438
vt 0.746093750 0.935058594
vn 0.857842326 -0.236103386 -0.456466526
v 0.053710938 0.505859375 -0.061523438
vt 0.739746094 0.956542969
vn 0.732419729 -0.338645667 -0.590661108
v 0.073242188 0.535156250 -0.022460938
vt 0.727783203 0.934082031
vn 0.864321709 0.007857470 -0.502878070
vt 0.721679688 0.916992188
v 0.071289062 0.564453125 -0.014648438
vt 0.711669922 0.926513672
vn 0.858214498 0.275573462 -0.433044016
vt 0.707763672 0.914550781
v 0.053710938 0.582031250 -0.051757812
vt 0.694580078 0.949218750
vn 0.844906569 0.276371300 -0.457986712
vt 0.691406250 0.911132812
v 0.030273438 0.605468750 -0.071289062
vt 0.668457031 0.952392578
vn 0.990898013 0.015728539 0.133692577
v 0.030273438 0.554687500 -0.090820312
vt 0.678710938 0.973388672
vn 0.731196284 -0.298768371 -0.613261402
v 0.028320312 0.589843750 -0.100585938
vt 0.665283203 0.973144531
vn 0.885216475 -0.458415657 0.079037182
v 0.047851562 0.597656250 -0.104492188
vt 0.656982422 0.975097656
vn 0.904782891 -0.416986912 0.086544454
vt 0.652099609 0.940429688
vt 0.674072266 0.901123047
vt 0.641357422 0.911376953
vt 0.651367188 0.894042969
v 0.040039062 0.613281250 -0.073242188
vt 0.660644531 0.954833984
vn 0.818491817 0.000000000 0.574518323
vt 0.648193359 0.942626953
vt 0.641113281 0.976562500
vt 0.106201172 0.113281250
vt 0.062744141 0.156494141
vt 0.092041016 0.097900391
vt 0.156982422 0.080566406
vt 0.168945312 0.125488281
vt 0.096923828 0.042724609
v -0.006835938 0.546875000 -0.092773438
vt 0.152099609 0.041503906
vn 0.094371237 -0.692055762 -0.715648532
v 0.008789062 0.566406250 -0.155273438
vt 0.211425781 0.041015625
vn 0.596505165 -0.792723954 -0.125580043
v -0.006835938 0.560546875 -0.157226562
vt 0.208007812 0.020996094
vn 0.015799543 -0.995371222 -0.094797261
vt 0.202392578 0.000000000
vt 0.147460938 0.003662109
vt 0.073974609 0.004150391
vt 0.260498047 0.070068359
vt 0.248779297 0.052734375
v 0.036132812 0.591796875 -0.139648438
vt 0.287109375 0.043945312
vn 0.884443223 -0.426427990 -0.189523548
vt 0.296142578 0.081787109
v 0.026367188 0.585937500 -0.137695312
vt 0.280761719 0.032470703
vn 0.732351661 -0.677228391 -0.070872739
vt 0.227050781 0.024414062
vt 0.289062500 0.001708984
vt 0.693359375 0.316406250
vt 0.685058594 0.350341797
v 0.018554688 0.609375000 -0.172851562
vt 0.637695312 0.351806641
vn 0.487358779 0.345867515 -0.801783741
vt 0.664794922 0.297607422
vt 0.630859375 0.308349609
v 0.026367188 0.582031250 -0.172851562
vt 0.658203125 0.368408203
vn 0.598110080 -0.464322269 -0.653199136
vt 0.690185547 0.358886719
v -0.006835938 0.617187500 -0.174804688
vt 0.611572266 0.344482422
vn 0.000000000 0.363208234 -0.931708038
v 0.016601562 0.578125000 -0.170898438
vt 0.656982422 0.379394531
vn 0.833071828 -0.510845900 -0.212197542
vt 0.677978516 0.381347656
v 0.014648438 0.566406250 -0.239257812
vt 0.642089844 0.461425781
vn 0.597186148 -0.455747306 0.660047829
v 0.010742188 0.603515625 -0.172851562
vt 0.628662109 0.363769531
vn 0.410378546 0.363027185 -0.836540937
v 0.010742188 0.603515625 -0.235351562
vt 0.609375000 0.437744141
vn 0.652532637 0.385230124 0.652532637
v 0.032226562 0.562500000 -0.249023438
vt 0.642333984 0.491455078
vn 0.848816335 -0.392970502 0.353673458
v 0.028320312 0.617187500 -0.245117188
vt 0.601806641 0.471679688
vn 0.746690154 0.542332828 0.385134935
v -0.006835938 0.628906250 -0.239257812
vt 0.585449219 0.446777344
vn 0.015775440 0.867649198 0.496926367
v -0.006835938 0.609375000 -0.231445312
vt 0.584716797 0.420410156
vn 0.015738277 0.818390369 0.574447155
v -0.043945312 0.617187500 -0.245117188
vt 0.550781250 0.445800781
vn -0.746690154 0.542332828 0.385134935
v -0.006835938 0.609375000 -0.172851562
vt 0.606933594 0.354980469
vn 0.000000000 0.512176275 -0.858880281
v -0.024414062 0.603515625 -0.235351562
vt 0.556396484 0.418212891
vn -0.648794353 0.356045693 0.672530711
v -0.047851562 0.562500000 -0.249023438
vt 0.500976562 0.441162109
vn -0.862831354 -0.337288618 0.376508236
v -0.024414062 0.603515625 -0.172851562
vt 0.583007812 0.347656250
vn -0.410378546 0.363027185 -0.836540937
v -0.032226562 0.609375000 -0.172851562
vt 0.585693359 0.334228516
vn -0.488673985 0.338919044 -0.803947508
vt 0.616210938 0.275878906
vt 0.582519531 0.267822266
vt 0.551513672 0.297607422
v -0.040039062 0.582031250 -0.172851562
vt 0.555175781 0.332763672
vn -0.598110080 -0.464322269 -0.653199136
vt 0.535400391 0.300048828
v -0.030273438 0.578125000 -0.170898438
vt 0.547363281 0.340820312
vn -0.856305659 -0.463504881 -0.227824435
vt 0.529052734 0.325439453
v -0.028320312 0.566406250 -0.239257812
vt 0.510742188 0.414306641
vn -0.573382974 -0.439855397 0.691201389
v -0.032226562 0.546875000 -0.249023438
vt 0.488769531 0.435791016
vn -0.392196059 -0.839299619 0.376508236
v -0.006835938 0.560546875 -0.239257812
vt 0.482177734 0.408935547
vn -0.007854317 -0.824703395 0.565510809
vt 0.506835938 0.319580078
v 0.006835938 0.542968750 -0.249023438
vt 0.457519531 0.435302734
vn 0.243815005 -0.896609962 0.369655013
vt 0.453369141 0.411865234
vt 0.489501953 0.312011719
vt 0.430419922 0.429199219
vt 0.140136719 0.533691406
vt 0.143798828 0.492431641
v 0.004882812 0.560546875 -0.329101562
vt 0.228515625 0.527587891
vn 0.118515059 -0.987625480 0.102713048
vt 0.147216797 0.565185547
v -0.030273438 0.566406250 -0.329101562
vt 0.223632812 0.486816406
vn -0.722552717 -0.691137373 0.015707668
vt 0.141601562 0.467529297
v 0.018554688 0.570312500 -0.327148438
vt 0.231201172 0.546386719
vn 0.843094885 -0.417607754 0.338813812
v 0.016601562 0.605468750 -0.329101562
vt 0.228759766 0.581542969
vn 0.739424348 0.668628395 0.078662165
vt 0.139404297 0.618164062
v -0.006835938 0.615234375 -0.331054688
vt 0.230712891 0.604492188
vn -0.094702743 0.994378805 -0.047351371
vt 0.138671875 0.651611328
v 0.032226562 0.546875000 -0.354492188
vt 0.264648438 0.545654297
vn 0.181276649 -0.882738471 0.433487654
v 0.045898438 0.578125000 -0.354492188
vt 0.262451172 0.574707031
vn 0.894868016 0.251191020 0.368936837
v 0.065429688 0.550781250 -0.379882812
vt 0.300537109 0.562744141
vn 0.999380589 0.031476554 0.015738277
v 0.016601562 0.552734375 -0.372070312
vt 0.275878906 0.529541016
vn -0.133841664 -0.944764793 -0.299175501
v -0.028320312 0.556640625 -0.368164062
vt 0.261474609 0.492187500
vn -0.424986154 -0.905063093 -0.015740227
v -0.047851562 0.583984375 -0.366210938
vt 0.260009766 0.457763672
vn -0.989674628 -0.023563681 0.141382083
v -0.032226562 0.595703125 -0.331054688
vt 0.227783203 0.454589844
vn -0.899648011 0.434040725 0.047349896
v -0.036132812 0.611328125 -0.391601562
vt 0.277587891 0.423095703
vn -0.559854090 0.796412170 -0.228672802
vt 0.139160156 0.411376953
vt 0.234130859 0.422851562
vt 0.140136719 0.373535156
vt 0.999023438 0.992919922
vt 0.974609375 0.987548828
v 0.026367188 0.609375000 -0.391601562
vt 0.985595703 0.926269531
vn 0.565510929 0.777577519 -0.274901122
vt 0.942382812 0.954101562
vt 0.940429688 0.992675781
vt 0.924316406 0.766601562
vt 0.882812500 0.766601562
v 0.061523438 0.542968750 -0.379882812
vt 0.911376953 0.758544922
vn 0.573648453 -0.817252517 0.055007383
vt 0.889160156 0.724365234
v 0.055664062 0.544921875 -0.387695312
vt 0.916503906 0.752441406
vn 0.007861353 -0.597462833 -0.801857948
v 0.059570312 0.552734375 -0.387695312
vt 0.923828125 0.749755859
vn 0.455606639 0.243513912 -0.856226325
vt 0.966064453 0.743896484
v 0.036132812 0.582031250 -0.374023438
vt 0.943847656 0.714355469
vn 0.875482559 0.212955222 -0.433797657
vt 0.956054688 0.675537109
v 0.028320312 0.564453125 -0.379882812
vt 0.913330078 0.714599609
vn 0.292245984 -0.489709496 -0.821448147
v 0.030273438 0.595703125 -0.405273438
vt 0.937500000 0.665039062
vn 0.756444991 0.606731951 -0.244268700
v 0.010742188 0.568359375 -0.405273438
vt 0.883300781 0.691894531
vn 0.054975137 -0.942430973 -0.329850823
vt 0.843261719 0.739013672
v 0.030273438 0.570312500 -0.401367188
vt 0.910156250 0.686279297
vn 0.726009130 -0.686552048 -0.039457016
v 0.038085938 0.570312500 -0.426757812
vt 0.899658203 0.654052734
vn 0.824398339 -0.518193185 0.227690950
v 0.018554688 0.568359375 -0.430664062
vt 0.873046875 0.659179688
vn -0.749333501 -0.646793127 -0.141978964
v 0.040039062 0.562500000 -0.446289062
vt 0.884765625 0.635009766
vn 0.672257125 -0.703892767 -0.229358315
v 0.024414062 0.562500000 -0.448242188
vt 0.864257812 0.632324219
vn -0.556507647 -0.705432296 -0.438935637
v 0.038085938 0.576171875 -0.454101562
vt 0.894531250 0.620605469
vn 0.684530199 0.173099607 -0.708134770
v 0.034179688 0.589843750 -0.432617188
vt 0.917724609 0.635253906
vn 0.629609108 0.755530894 -0.181012616
v 0.030273438 0.578125000 -0.456054688
vt 0.901123047 0.609619141
vn -0.252352118 0.315440118 -0.914776385
v 0.008789062 0.595703125 -0.409179688
vt 0.953613281 0.642333984
vn 0.126364812 0.789780021 -0.600232840
v 0.022460938 0.589843750 -0.434570312
vt 0.927246094 0.621582031
vn -0.537150919 0.703035831 -0.466057420
vt 0.966796875 0.608886719
vt 0.941162109 0.597656250
vt 0.024169922 0.129150391
vt 0.023437500 0.106445312
vt 0.051025391 0.110351562
v -0.006835938 0.615234375 -0.391601562
vt 0.058349609 0.147216797
vn 0.031511698 0.937472939 -0.346628696
vt 0.024902344 0.207519531
vt 0.062011719 0.168701172
vt 0.126220703 0.157226562
vt 0.131591797 0.190917969
v -0.018554688 0.597656250 -0.411132812
vt 0.157470703 0.171142578
vn -0.086827084 0.789337039 -0.607789576
vt 0.154785156 0.136962891
v 0.002929688 0.591796875 -0.434570312
vt 0.182617188 0.146972656
vn 0.583909333 0.733832002 -0.347189337
v -0.012695312 0.591796875 -0.434570312
vt 0.184082031 0.165527344
vn -0.620874286 0.707325161 -0.337944210
v 0.006835938 0.572265625 -0.432617188
vt 0.189208984 0.125000000
vn 0.782199383 -0.608377337 -0.134317070
v -0.010742188 0.578125000 -0.461914062
vt 0.216796875 0.156738281
vn -0.517253458 0.305649787 -0.799391747
v -0.000976503 0.578125000 -0.461914062
vt 0.213867188 0.145507812
vn 0.457530499 0.323426723 -0.828288019
v 0.002929688 0.564453125 -0.456054688
vt 0.216796875 0.126953125
vn 0.604260862 -0.706278980 -0.368834555
v -0.012695312 0.564453125 -0.456054688
vt 0.231445312 0.147705078
vn -0.592224240 -0.734358013 -0.331645548
vt 0.714599609 0.047607422
vt 0.686279297 0.079589844
v -0.041992188 0.593750000 -0.407226562
vt 0.667236328 0.056884766
vn -0.806885302 0.553744793 -0.205676630
vt 0.655029297 0.081298828
v -0.030273438 0.591796875 -0.428710938
vt 0.638916016 0.069335938
vn 0.433662802 0.756938696 -0.488856256
v -0.041992188 0.570312500 -0.405273438
vt 0.669189453 0.027587891
vn -0.709630072 -0.701745272 -0.063078225
vt 0.710449219 0.002197266
v -0.018554688 0.568359375 -0.405273438
vt 0.674072266 0.002929688
vn -0.039297052 -0.943129241 -0.330095232
v -0.047851562 0.572265625 -0.424804688
vt 0.645996094 0.032714844
vn -0.821730137 -0.545186341 0.165926278
v -0.043945312 0.591796875 -0.426757812
vt 0.644287109 0.054687500
vn -0.623576224 0.765656888 -0.157867402
v -0.045898438 0.580078125 -0.450195312
vt 0.616455078 0.044677734
vn -0.637281895 0.354045510 -0.684487939
vt 0.240966797 0.887695312
vt 0.235107422 0.934326172
vt 0.206054688 0.918212891
vt 0.184814453 0.948486328
vt 0.174804688 0.910644531
v -0.014648438 0.574218750 -0.432617188
vt 0.198974609 0.967041016
vn -0.826746047 -0.559037745 -0.062990174
vt 0.159423828 0.973388672
vt 0.168212891 0.984619141
vt 0.170166016 1.000000000
vt 0.204345703 0.987060547
vt 0.237792969 0.981201172
v -0.026367188 0.572265625 -0.428710938
vt 0.259765625 0.964355469
vn 0.748774648 -0.599019766 -0.283746183
vt 0.259277344 0.933105469
vt 0.268310547 0.997558594
vt 0.292724609 0.944335938
v -0.034179688 0.564453125 -0.446289062
vt 0.281494141 0.965332031
vn 0.486622602 -0.745631397 -0.455227584
v -0.047851562 0.564453125 -0.444335938
vt 0.291015625 0.966796875
vn -0.630703807 -0.725309372 -0.275932908
vt 0.302246094 0.977294922
v -0.038085938 0.580078125 -0.452148438
vt 0.284667969 0.979248047
vn 0.291338593 0.330708653 -0.897637784
vt 0.425537109 0.049316406
vt 0.425537109 0.020263672
vt 0.449951172 0.043212891
vt 0.446533203 0.021484375
vt 0.426269531 0.010742188
v 0.002929688 0.564453125 0.456054688
vt 0.972900391 0.184814453
vn 0.604260862 -0.706278980 0.368834555
vt 1.000000000 0.179199219
vt 0.951171875 0.207519531
vt 0.993164062 0.201416016
v -0.012695312 0.564453125 0.456054688
vt 0.958251953 0.184814453
vn -0.592224240 -0.734358013 0.331645548
vt 0.942626953 0.186767578
v -0.014648438 0.574218750 0.432617188
vt 0.966308594 0.159667969
vn -0.826746047 -0.559037745 0.062990174
vt 0.995117188 0.138671875
vt 0.949462891 0.149658203
vt 0.955322266 0.119384766
v -0.026367188 0.572265625 0.428710938
vt 0.994384766 0.104736328
vn 0.748774648 -0.599019766 0.283746183
v -0.030273438 0.591796875 0.428710938
vt 0.965087891 0.096435547
vn 0.433662802 0.756938696 0.488856256
vt 0.944580078 0.093261719
vt 0.998535156 0.719482422
vt 0.999023438 0.762939453
vt 0.973876953 0.740234375
vt 0.977539062 0.803955078
vt 0.567138672 0.050292969
vt 0.536621094 0.052001953
vt 0.573730469 0.018310547
v -0.047851562 0.572265625 0.424804688
vt 0.537841797 0.001220703
vn -0.821730137 -0.545186341 -0.165926278
v -0.034179688 0.564453125 0.446289062
vt 0.524414062 0.026123047
vn 0.486622602 -0.745631397 0.455227584
v -0.047851562 0.564453125 0.444335938
vt 0.519287109 0.015869141
vn -0.630703807 -0.725309372 0.275932908
v -0.045898438 0.580078125 0.450195312
vt 0.505615234 0.009765625
vn -0.637281895 0.354045510 0.684487939
v -0.038085938 0.580078125 0.452148438
vt 0.510253906 0.029785156
vn 0.291338593 0.330708653 0.897637784
vt 0.496337891 0.051513672
vt 0.458007812 0.011474609
vt 0.485839844 0.000000000
vt 0.488769531 0.023681641
v -0.043945312 0.591796875 0.426757812
vt 0.468017578 0.032226562
vn -0.623576224 0.765656888 0.157867402
vt 0.488037109 0.054199219
vt 0.455566406 0.042480469
v 0.124023438 0.751953125 0.018554688
vt 0.178222656 0.686035156
vn 0.542031586 -0.298510164 0.785553038
v 0.122070312 0.742187500 0.000976562
vt 0.160156250 0.698730469
vn 0.770579338 -0.636907399 0.023589164
v 0.133789062 0.746093750 0.000976562
vt 0.155273438 0.686035156
vn 0.849525154 -0.527020216 0.023597920
v 0.120117188 0.800781250 0.012695312
vt 0.189453125 0.633300781
vn 0.661663473 -0.047261678 0.748309910
v 0.110351562 0.748046875 0.020507812
vt 0.185791016 0.699707031
vn 0.605081201 -0.062865578 0.793677926
v 0.104492188 0.691406250 0.032226562
vt 0.181884766 0.762939453
vn 0.774661183 -0.632376492 0.000000000
v 0.096679688 0.792968750 0.026367188
vt 0.213867188 0.656250000
vn 0.699379504 0.691521347 0.180738524
v 0.108398438 0.791015625 0.036132812
vt 0.228515625 0.664550781
vn 0.888882458 0.440508127 -0.125859469
v 0.106445312 0.681640625 0.049804688
vt 0.195312500 0.780517578
vn 0.774951756 -0.537721634 0.332122177
v 0.053710938 0.693359375 0.098632812
vt 0.272949219 0.797363281
vn 0.433285832 -0.535698831 0.724769056
v 0.100585938 0.677734375 0.040039062
vt 0.189453125 0.792236328
vn 0.054993801 -0.848475814 -0.526369214
v 0.043945312 0.687500000 0.088867188
vt 0.269042969 0.813476562
vn -0.292273313 -0.955812752 -0.031597115
v -0.006835938 0.714843750 0.137695312
vt 0.350830078 0.823242188
vn 0.047318965 -0.481076151 0.875400841
vt 0.178710938 0.806152344
vt 0.252929688 0.857666016
vt 0.295410156 0.890869141
v 0.069335938 0.681640625 0.032226562
vt 0.188476562 0.844970703
vn 0.086440176 -0.840827167 0.534357429
vt 0.214355469 0.901611328
vt 0.184814453 0.906494141
v 0.077148438 0.675781250 0.000976562
vt 0.154296875 0.854980469
vn 0.149103329 -0.988790512 0.007847544
vt 0.525390625 0.878662109
vt 0.536621094 0.875976562
v 0.104492188 0.796875000 0.014648438
vt 0.536132812 0.900878906
vn 0.408601016 -0.047146272 0.911494613
vt 0.547119141 0.897949219
vt 0.523437500 0.903320312
vt 0.551757812 0.867431641
v 0.125976562 0.800781250 0.000976562
vt 0.552246094 0.893798828
v 0.114257812 0.820312500 0.024414062
vt 0.552734375 0.911621094
vn 0.779503405 -0.157475427 0.606280446
v 0.122070312 0.822265625 0.000976562
vt 0.562011719 0.901611328
vn 0.975410879 0.220254064 0.007866217
v 0.092773438 0.929687500 0.000976503
vt 0.610839844 0.946289062
vn 0.812106788 0.583455443 0.007884532
v 0.083007812 0.798828125 0.030273438
vt 0.528564453 0.909667969
vn 0.686701834 0.544625580 0.481480628
v 0.075195312 0.908203125 0.063476562
vt 0.574218750 0.968261719
vn 0.675554693 0.463461936 0.573435962
v 0.040039062 0.968750000 0.000976503
vt 0.626464844 0.979003906
vn 0.517937899 0.855382264 0.007847544
v 0.096679688 0.814453125 0.026367188
vt 0.541503906 0.913818359
vn 0.324275374 -0.640641570 0.696005702
v 0.077148438 0.839843750 0.086914062
vt 0.535644531 0.949462891
vn 0.813042521 -0.126297861 0.568340361
v 0.047851562 0.843750000 0.108398438
vt 0.527832031 0.971923828
vn 0.496247619 0.173292831 0.850710213
v 0.026367188 0.898437500 0.092773438
vt 0.554687500 0.994384766
vn 0.622587800 0.362519503 0.693515599
v 0.083007812 0.810546875 0.030273438
vt 0.534912109 0.914794922
vn 0.612561226 -0.369107425 0.698948145
v 0.061523438 0.808593750 0.063476562
vt 0.523193359 0.924804688
vn 0.793261647 0.604763865 0.070686676
v 0.059570312 0.822265625 0.063476562
vt 0.526123047 0.929199219
vn 0.903692722 -0.290753305 0.314327896
v 0.061523438 0.832031250 0.075195312
vt 0.527343750 0.935791016
vn 0.779987097 -0.614535272 -0.118179865
v 0.063476562 0.810546875 0.075195312
vt 0.518554688 0.930664062
vn 0.756445110 0.559454143 -0.338824362
vt 0.509277344 0.911132812
v 0.073242188 0.808593750 0.088867188
vt 0.510986328 0.946044922
vn 0.872933924 0.173013940 0.456127644
vt 0.454833984 0.937988281
v 0.032226562 0.775390625 0.112304688
vt 0.486816406 0.968750000
vn 0.456410021 -0.031476554 0.889212668
v -0.006835938 0.820312500 0.137695312
vt 0.496826172 0.996826172
vn 0.062865578 -0.007858197 0.997991085
vt 0.984863281 0.568603516
vt 1.000000000 0.590576172
v 0.120117188 0.800781250 -0.012695312
vt 0.977539062 0.568847656
vn 0.686744630 -0.031574465 -0.726212740
v 0.114257812 0.820312500 -0.024414062
vt 0.973144531 0.554443359
vn 0.786256850 -0.157251373 -0.597555220
vt 0.987792969 0.556152344
vt 1.000000000 0.492919922
v 0.075195312 0.908203125 -0.063476562
vt 0.956298828 0.497558594
vn 0.678597271 0.465549320 -0.568127990
vt 0.991455078 0.455566406
v 0.104492188 0.796875000 -0.014648438
vt 0.968505859 0.572753906
vn 0.408601016 -0.047146272 -0.911494613
v 0.124023438 0.751953125 -0.018554688
vt 0.982421875 0.592529297
vn 0.558414996 -0.306735009 -0.770770013
v 0.110351562 0.748046875 -0.020507812
vt 0.972412109 0.595947266
vn 0.622162998 -0.070879325 -0.779672623
v 0.096679688 0.792968750 -0.026367188
vt 0.959228516 0.580322266
vn 0.699379504 0.691521347 -0.180738524
v 0.083007812 0.798828125 -0.030273438
vt 0.958007812 0.571289062
vn 0.686701834 0.544625580 -0.481480628
v 0.077148438 0.839843750 -0.086914062
vt 0.935058594 0.532958984
vn 0.813042521 -0.126297861 -0.568340361
v 0.096679688 0.814453125 -0.026367188
vt 0.963378906 0.558593750
vn 0.324275374 -0.640641570 -0.696005702
v 0.083007812 0.810546875 -0.030273438
vt 0.957763672 0.561523438
vn 0.612561226 -0.369107425 -0.698948145
v 0.061523438 0.808593750 -0.063476562
vt 0.944580078 0.562011719
vn 0.793261647 0.604763865 -0.070686676
v 0.063476562 0.810546875 -0.075195312
vt 0.936279297 0.559326172
vn 0.756445110 0.559454143 0.338824362
v 0.059570312 0.822265625 -0.063476562
vt 0.940917969 0.554931641
vn 0.903692722 -0.290753305 -0.314327896
v 0.108398438 0.791015625 -0.036132812
vt 0.945068359 0.585693359
vn 0.888882458 0.440508127 0.125859469
v 0.061523438 0.832031250 -0.075195312
vt 0.936035156 0.546630859
vn 0.779987097 -0.614535272 0.118179865
v 0.073242188 0.808593750 -0.088867188
vt 0.921630859 0.553466797
vn 0.872933924 0.173013940 -0.456127644
v 0.053710938 0.693359375 -0.098632812
vt 0.880615234 0.592773438
vn 0.433285832 -0.535698831 -0.724769056
v 0.032226562 0.775390625 -0.112304688
vt 0.887451172 0.550048828
vn 0.456410021 -0.031476554 -0.889212668
v 0.047851562 0.843750000 -0.108398438
vt 0.917968750 0.522705078
vn 0.496910930 0.165636972 -0.851847351
v -0.006835938 0.820312500 -0.137695312
vt 0.877929688 0.520507812
vn 0.062865578 -0.007858197 -0.997991085
v 0.028320312 0.898437500 -0.092773438
vt 0.926269531 0.489746094
vn 0.620931804 0.353695363 -0.699530840
vt 0.592529297 0.011230469
vt 0.612060547 0.071533203
vt 0.588378906 0.064941406
vt 0.000244141 0.175048828
vt 0.000244141 0.162109375
vt 0.006835938 0.164550781
vt 0.000000000 0.187011719
vt 0.014160156 0.167480469
vt 0.013427734 0.195068359
vt 0.974853516 0.808593750
vt 0.989257812 0.808593750
v 0.104492188 0.691406250 -0.032226562
vt 0.975097656 0.842041016
vn 0.774564385 -0.632297456 0.015807437
v 0.112304688 0.687500000 0.000976562
vt 0.994873047 0.840087891
vn 0.763661146 -0.645569205 0.007872796
v 0.069335938 0.681640625 -0.032226562
vt 0.973144531 0.862792969
vn 0.086802743 -0.844353974 -0.528707623
vt 0.993164062 0.861328125
vt 0.988037109 0.892578125
vt 0.887695312 0.347900391
vt 0.926757812 0.381347656
vt 0.948486328 0.441162109
vt 0.875976562 0.359863281
v 0.106445312 0.681640625 -0.049804688
vt 0.940185547 0.461669922
vn 0.774951756 -0.537721634 -0.332122177
vt 0.870605469 0.499755859
vt 0.362060547 0.952636719
vt 0.321533203 0.963378906
v 0.100585938 0.677734375 -0.040039062
vt 0.318359375 0.957275391
vn 0.054993801 -0.848475814 0.526369214
vt 0.310058594 0.961914062
vt 0.313476562 0.914062500
vt 0.305664062 0.094970703
vt 0.384277344 0.066894531
vt 0.313964844 0.109375000
vt 0.238037109 0.141357422
vt 0.230468750 0.133544922
vt 0.218994141 0.059814453
vt 0.851074219 0.103515625
vt 0.761718750 0.118164062
vt 0.831054688 0.060546875
vt 0.768066406 0.078857422
vt 0.870605469 0.023925781
vt 0.907958984 0.060058594
vt 0.789062500 0.020263672
vt 0.757324219 0.017089844
vt 0.322998047 0.921142578
vt 0.340332031 0.901855469
v -0.006835938 0.763671875 -0.125976562
vt 0.341796875 0.924316406
vn -0.015728539 0.133692577 -0.990898013
vt 0.372802734 0.902099609
v -0.006835938 0.787109375 -0.125976562
vt 0.335937500 0.936279297
vn 0.000000000 -0.205214843 -0.978717029
vt 0.323486328 0.951416016
v -0.045898438 0.775390625 -0.112304688
vt 0.359130859 0.940673828
vn -0.440849245 -0.015744615 -0.897443056
vt 0.400878906 0.930175781
v -0.112304688 0.833984375 -0.075195312
vt 0.397460938 0.978027344
vn -0.840827167 0.086440176 -0.534357429
vt 0.444335938 0.942626953
v -0.133789062 0.832031250 0.000976562
vt 0.440185547 0.992919922
vn -0.989949524 0.141421348 0.000000000
vt 0.739746094 0.062500000
vt 0.719970703 0.059082031
vt 0.719970703 0.036621094
vt 0.739501953 0.040283203
vt 0.729003906 0.003906250
vt 0.742187500 0.244384766
vt 0.773437500 0.267089844
v -0.100585938 0.708984375 0.067382812
vt 0.751464844 0.296875000
vn 0.157985568 -0.987409830 -0.007899279
vt 0.711914062 0.266113281
v -0.053710938 0.710937500 0.106445312
vt 0.794921875 0.313232422
vn 0.110414349 -0.985842407 -0.126187831
v -0.112304688 0.712890625 0.075195312
vt 0.745849609 0.306152344
vn -0.717225015 -0.480777204 0.504422009
vt 0.701416016 0.270751953
vt 0.684326172 0.301513672
v -0.106445312 0.748046875 0.073242188
vt 0.738281250 0.328369141
vn -0.803149581 0.078740157 0.590551198
v -0.061523438 0.716796875 0.118164062
vt 0.791015625 0.324951172
vn -0.442001224 -0.426215470 0.789287865
vt 0.806396484 0.276855469
vt 0.833007812 0.330078125
v -0.006835938 0.724609375 0.135742188
vt 0.832031250 0.336914062
vn 0.094856471 0.173903540 0.980183542
vt 0.870361328 0.370849609
v -0.006835938 0.714843750 0.120117188
vt 0.832275391 0.315429688
vn -0.252690226 -0.931795180 -0.260586798
vt 0.875732422 0.289550781
vt 0.832275391 0.276855469
vt 0.005859375 0.615234375
vt 0.000244141 0.623291016
vt 0.000000000 0.610839844
vt 0.303710938 0.086669922
vt 0.303710938 0.001953125
vt 0.374511719 0.063476562
vt 0.057373047 0.460449219
vt 0.042480469 0.489013672
v -0.006835938 0.763671875 0.125976562
vt 0.023925781 0.480468750
vn -0.015728539 0.133692577 0.990898013
vt 0.018554688 0.503417969
v -0.006835938 0.787109375 0.125976562
vt 0.014160156 0.482177734
vn 0.000000000 -0.205214843 0.978717029
vt 0.000244141 0.484863281
v -0.045898438 0.775390625 0.112304688
vt 0.013427734 0.459472656
vn -0.440849245 -0.015744615 0.897443056
vt 0.045654297 0.422851562
v -0.112304688 0.833984375 0.075195312
vt 0.002685547 0.403564453
vn -0.840827167 0.086440176 0.534357429
vt 0.054931641 0.380126953
vt 0.009277344 0.360351562
v -0.063476562 0.843750000 0.120117188
vt 0.177978516 0.173095703
vn -0.471259058 0.133523390 0.871829271
vt 0.227294922 0.168457031
vt 0.187255859 0.203125000
v -0.014648438 0.876953125 0.116210938
vt 0.143798828 0.209228516
vn -0.573241472 -0.172757715 0.800967515
v -0.006835938 0.876953125 0.122070312
vt 0.141113281 0.214843750
vn 0.079094023 -0.616933346 0.783030808
v -0.006835938 0.890625000 0.157226562
vt 0.119140625 0.202392578
vn 0.039367639 -0.858214498 0.511779308
v -0.000976443 0.876953125 0.116210938
vt 0.136718750 0.220458984
vn 0.667452395 -0.180604771 0.722419083
vt 0.165527344 0.234619141
vt 0.126220703 0.251220703
v 0.018554688 0.910156250 0.151367188
vt 0.095703125 0.212890625
vn 0.975622118 -0.055075441 0.212433845
v 0.012695312 0.937500000 0.192382812
vt 0.063232422 0.176025391
vn 0.968924582 0.039387178 0.244200498
v -0.000976384 0.927734375 0.092773438
vt 0.094970703 0.261962891
vn 0.566227436 0.715648651 0.408942044
v -0.006835938 0.933593750 0.143554688
vt 0.074951172 0.226562500
vn 0.055166017 0.977226615 -0.204902336
v -0.006835938 0.929687500 0.096679688
vt 0.090576172 0.262939453
vn 0.078740157 0.968503952 0.236220479
vt 0.123291016 0.288818359
v -0.006835938 0.960937500 0.065429688
vt 0.080810547 0.295898438
vn 0.015707182 0.824627101 0.565458536
vt 0.092529297 0.353515625
v -0.006835938 0.980468750 0.016601562
vt 0.062988281 0.335205078
vn 0.000000000 0.828391075 0.560150146
v -0.006835938 0.998046875 0.000976503
vt 0.062011719 0.352050781
vn 0.000000000 0.999721110 0.023615459
vt 0.703125000 0.899902344
vt 0.733398438 0.863769531
vt 0.746826172 0.905029297
vt 0.779785156 0.946044922
v -0.100585938 0.925781250 0.000976503
vt 0.823242188 0.894531250
vn -0.828391075 0.560150146 0.000000000
v -0.088867188 0.908203125 0.069335938
vt 0.781738281 0.865478516
vn -0.670435369 0.512685895 0.536348283
v -0.053710938 0.968750000 0.000976503
vt 0.854492188 0.865966797
vn -0.536348283 0.843959868 0.007887475
vt 0.875244141 0.838867188
vt 0.859619141 0.833740234
vt 0.824218750 0.820556641
v -0.043945312 0.898437500 0.092773438
vt 0.769775391 0.834472656
vn -0.564831793 0.400089204 0.721729577
vt 0.742187500 0.824218750
v -0.016601562 0.927734375 0.092773438
vt 0.792480469 0.817626953
vn -0.481555641 0.765752375 0.426295161
vt 0.795166016 0.811279297
v -0.036132812 0.910156250 0.151367188
vt 0.758300781 0.794677734
vn -0.971368849 -0.063178457 0.229021922
vt 0.736328125 0.794921875
vt 0.773193359 0.774169922
v -0.030273438 0.937500000 0.192382812
vt 0.752441406 0.761718750
vn -0.962541580 0.039448425 0.268249273
v -0.006835938 0.947265625 0.174804688
vt 0.770996094 0.761230469
vn 0.063241608 0.814235628 -0.577079654
vt 0.788330078 0.772216797
v -0.006835938 0.927734375 0.206054688
vt 0.734619141 0.755371094
vn 0.039367639 -0.511779308 0.858214498
vt 0.719970703 0.756591797
v 0.000976682 0.968750000 0.204101562
vt 0.716552734 0.734375000
vn 0.948150098 0.260741264 0.181728765
v -0.006835938 0.970703125 0.194335938
vt 0.710449219 0.732421875
vn 0.102527604 0.457430869 -0.883314788
v -0.006835938 0.966796875 0.213867188
vt 0.721435547 0.731689453
vn 0.086365543 0.117771193 0.989277959
v -0.006835938 0.994140625 0.198242188
vt 0.708007812 0.718505859
vn 0.047086708 0.980973065 -0.188346833
vt 0.780273438 0.126464844
vt 0.847900391 0.125000000
vt 0.792724609 0.181640625
v -0.088867188 0.908203125 -0.069335938
vt 0.850097656 0.178955078
vn -0.670435369 0.512685895 -0.536348283
vt 0.892822266 0.122802734
v -0.063476562 0.843750000 -0.120117188
vt 0.817871094 0.218017578
vn -0.471259058 0.133523390 -0.871829271
vt 0.768554688 0.224365234
v -0.006835938 0.980468750 -0.016601562
vt 0.922607422 0.139160156
vn 0.000000000 0.843986094 -0.536364973
vt 0.926757812 0.122558594
v -0.006835938 0.960937500 -0.065429688
vt 0.913085938 0.176269531
vn 0.007889193 0.828365386 -0.560132742
v -0.041992188 0.898437500 -0.092773438
vt 0.867187500 0.208007812
vn -0.560848773 0.410762489 -0.718834400
v -0.014648438 0.876953125 -0.116210938
vt 0.854980469 0.234619141
vn -0.583618701 -0.157734782 -0.796560645
v -0.014648438 0.927734375 -0.092773438
vt 0.897216797 0.203613281
vn -0.511224985 0.747174978 -0.424710006
v -0.006835938 0.929687500 -0.096679688
vt 0.903076172 0.206054688
vn 0.000000000 0.969676971 -0.244390130
v -0.034179688 0.910156250 -0.151367188
vt 0.881835938 0.243652344
vn -0.973515213 -0.062807433 -0.219826013
v -0.006835938 0.890625000 -0.157226562
vt 0.863037109 0.271972656
vn 0.007879391 -0.858853698 -0.512160420
v -0.006835938 0.933593750 -0.143554688
vt 0.908447266 0.239257812
vn 0.007892633 0.978686512 0.205208451
v -0.028320312 0.937500000 -0.192382812
vt 0.896484375 0.268554688
vn -0.964223564 0.047420830 -0.260814548
v -0.006835938 0.927734375 -0.206054688
vt 0.900878906 0.298828125
vn 0.000000000 -0.512176275 -0.858880281
v -0.006835938 0.947265625 -0.174804688
vt 0.918212891 0.256835938
v 0.020507812 0.910156250 -0.151367188
vt 0.936523438 0.234130859
vn 0.973515213 -0.062807433 -0.219826013
v -0.016601562 0.968750000 -0.204101562
vt 0.915283203 0.275390625
vn -0.935500979 0.298731416 -0.188672468
v -0.006835938 0.970703125 -0.194335938
vt 0.932373047 0.270507812
vn 0.000000000 0.440903872 0.897554338
v -0.006835938 0.966796875 -0.213867188
vt 0.918457031 0.287109375
vn 0.000000000 0.118212894 -0.992988288
v -0.006835938 0.994140625 -0.198242188
vt 0.927490234 0.279541016
vn 0.000000000 0.982062399 0.188555971
v 0.002929688 0.968750000 -0.204101562
vt 0.937255859 0.292724609
vn 0.935500979 0.298731416 -0.188672468
vt 0.409912109 0.074951172
vt 0.397460938 0.100830078
vt 0.395019531 0.067138672
vt 0.407226562 0.050048828
v -0.018554688 0.968750000 0.204101562
vt 0.399658203 0.043457031
vn -0.921259940 0.330708683 0.204724431
vt 0.378662109 0.053222656
vt 0.416748047 0.036865234
vt 0.371826172 0.034423828
vt 0.398437500 0.033447266
vt 0.691406250 0.506103516
vt 0.691406250 0.576171875
vt 0.647949219 0.548583984
vt 0.650390625 0.507324219
vt 0.656982422 0.491943359
v 0.000976682 0.927734375 -0.092773438
vt 0.645996094 0.583740234
vn 0.526109517 0.745976210 -0.408323795
vt 0.640380859 0.580078125
vt 0.604492188 0.602783203
vt 0.671875000 0.607910156
vt 0.622314453 0.624511719
v -0.000976443 0.876953125 -0.116210938
vt 0.661865234 0.641113281
vn 0.652855575 -0.196643233 -0.731512904
vt 0.691162109 0.642333984
vt 0.634521484 0.652099609
v -0.006835938 0.876953125 -0.122070312
vt 0.662841797 0.647949219
vn 0.079094023 -0.616933346 -0.783030808
vt 0.662353516 0.653320312
vt 0.696777344 0.684082031
vt 0.661132812 0.691650391
vt 0.697265625 0.731201172
vt 0.368896484 0.995849609
vt 0.334716797 0.995117188
v 0.014648438 0.937500000 -0.192382812
vt 0.362548828 0.977539062
vn 0.967036128 0.039310411 -0.251586616
vt 0.323242188 0.970703125
vt 0.386474609 0.986083984
vt 0.362792969 0.958740234
vt 0.385009766 0.975341797
v 0.086914062 0.015625000 -0.063476562
vt 0.382568359 0.838867188
vn 0.637281895 0.354045510 0.684487939
v 0.014648438 0.029296875 -0.041992188
vt 0.355957031 0.888916016
vn 0.395037889 0.063206062 0.916487932
v 0.084960938 -0.000000089 -0.061523438
vt 0.378906250 0.832519531
vn 0.512510598 -0.615012705 0.599243164
v -0.028320312 -0.000000064 -0.034179688
vt 0.341308594 0.874267578
vn -0.141855463 -0.638349593 0.756562531
v -0.016601562 0.201171875 -0.028320312
vt 0.251464844 0.924804688
vn -0.188689977 0.479587018 0.856966972
v 0.096679688 -0.000000104 -0.098632812
vt 0.380126953 0.809326172
vn 0.763945341 -0.606430829 -0.220520303
v 0.098632812 0.027343750 -0.090820312
vt 0.393310547 0.824951172
vn 0.827978909 0.559871435 -0.031542052
v 0.065429688 -0.000000112 -0.135742188
vt 0.415283203 0.805419922
vn 0.307688117 -0.575929046 -0.757386148
v 0.065429688 0.017578125 -0.133789062
vt 0.414550781 0.823242188
vn 0.354484648 0.464768738 -0.811375916
v 0.038085938 0.046875000 -0.084960938
vt 0.393066406 0.868164062
vn 0.786524355 0.613488972 -0.070787191
v 0.045898438 0.156250000 -0.075195312
vt 0.447998047 0.926025391
vn 0.991880059 -0.118080959 -0.047232382
v 0.002929688 0.029296875 -0.125976562
vt 0.422119141 0.859130859
vn 0.118326858 0.244542167 -0.962391794
vt 0.231689453 0.209228516
vt 0.233642578 0.204101562
vt 0.268066406 0.239013672
v -0.051757812 -0.000000100 -0.125976562
vt 0.301757812 0.232666016
vn -0.576773286 -0.545169234 -0.608377337
v -0.036132812 0.207031250 -0.110351562
vt 0.248779297 0.342529297
vn -0.552346647 0.544455945 -0.631253302
vt 0.229003906 0.175292969
v -0.059570312 -0.000000072 -0.053710938
vt 0.312988281 0.196533203
vn -0.735827625 -0.585497260 0.340221375
vt 0.312744141 0.179931641
v -0.045898438 0.201171875 -0.047851562
vt 0.417724609 0.180908203
vn -0.777793407 0.502815962 0.377111942
vt 0.825683594 0.708496094
vt 0.869628906 0.830566406
vt 0.811767578 0.740234375
v -0.028320312 0.210937500 -0.102539062
vt 0.812744141 0.708740234
vn -0.441492647 0.725309372 -0.528214395
vt 0.808105469 0.735595703
vt 0.802490234 0.747070312
vt 0.801269531 0.744384766
v 0.020507812 0.207031250 -0.108398438
vt 0.795898438 0.682373047
vn 0.377100348 0.526369214 -0.762056947
v 0.016601562 0.210937500 -0.100585938
vt 0.790283203 0.685058594
vn 0.315626651 0.591800034 -0.741722643
vt 0.875488281 0.589355469
v 0.034179688 0.205078125 -0.094726562
vt 0.785156250 0.675048828
vn 0.560132742 0.276121765 -0.781030178
vt 0.794189453 0.631835938
v 0.063476562 0.203125000 -0.073242188
vt 0.769775391 0.654541016
vn 0.997375369 -0.047120094 -0.054973446
v 0.026367188 0.208984375 -0.092773438
vt 0.783203125 0.680175781
vn 0.450146526 0.560708821 -0.694963098
v 0.051757812 0.251953125 -0.067382812
vt 0.740234375 0.661865234
vt 0.739257812 0.665527344
vt 0.999023438 0.597656250
vt 0.999023438 0.714599609
vt 0.979003906 0.600097656
vt 0.005615234 0.543457031
vt 0.000976562 0.508544922
vt 0.107421875 0.507080078
vt 0.140136719 0.563720703
vt 0.004150391 0.581787109
vt 0.133789062 0.616699219
vt 0.000488281 0.592285156
vt 0.018798828 0.626220703
vt 0.089111328 0.656005859
vt 0.006591797 0.347167969
vt 0.003173828 0.342773438
v 0.020507812 0.199218750 -0.032226562
vt 0.025634766 0.341796875
vn 0.425738364 0.346897930 0.835708618
vt 0.025390625 0.246337891
vt 0.026367188 0.346923828
v 0.032226562 0.201171875 -0.045898438
vt 0.036132812 0.343017578
vn 0.590075850 0.212427288 0.778900027
vt 0.056884766 0.315185547
vt 0.057373047 0.344238281
vt 0.033447266 0.347656250
vt 0.057128906 0.371337891
vt 0.053955078 0.373046875
f 1/1/1 2/2/2 3/3/3
f 1/1/1 3/3/3 4/4/4
f 4/4/4 3/3/3 5/5/5
f 2/6/2 1/7/1 6/8/6
f 6/8/6 1/7/1 7/9/7
f 2/6/2 6/8/6 8/10/8
f 2/6/2 8/10/8 3/11/3
f 3/11/3 8/10/8 9/12/9
f 9/12/9 8/10/8 10/13/10
f 8/10/8 6/8/6 11/14/11
f 8/10/8 11/14/11 10/13/10
f 6/8/6 7/9/7 12/15/12
f 6/8/6 12/15/12 11/14/11
f 11/14/11 12/15/12 10/13/10
f 12/15/12 7/9/7 13/16/13
f 12/15/12 13/16/13 10/13/10
f 7/17/7 1/18/1 4/19/4
f 7/17/7 4/19/4 14/20/14
f 14/20/14 4/19/4 15/21/15
f 7/17/7 14/20/14 13/22/13
f 13/22/13 14/20/14 15/21/15
f 4/23/4 5/24/5 15/25/15
f 13/26/13 15/27/15 16/28/16
f 13/29/13 16/30/16 10/31/10
f 15/32/15 5/33/5 17/34/17
f 15/32/15 17/34/17 18/35/18
f 15/32/15 18/35/18 16/36/16
f 16/36/16 18/35/18 19/37/19
f 17/34/17 5/33/5 20/38/20
f 20/38/20 5/33/5 3/39/3
f 17/34/17 20/38/20 21/40/21
f 20/38/20 3/39/3 22/41/22
f 20/38/20 22/41/22 21/40/21
f 22/41/22 3/39/3 9/42/9
f 22/41/22 9/42/9 23/43/23
f 21/40/21 22/41/22 24/44/24
f 22/41/22 23/43/23 25/45/25
f 22/41/22 25/45/25 24/44/24
f 24/44/24 25/45/25 26/46/26
f 10/47/10 16/48/16 27/49/27
f 27/49/27 16/48/16 19/50/19
f 27/49/27 19/50/19 28/51/28
f 10/47/10 27/49/27 29/52/29
f 29/52/29 27/49/27 28/51/28
f 10/47/10 29/52/29 9/53/9
f 9/53/9 29/52/29 23/54/23
f 29/52/29 28/51/28 30/55/30
f 23/54/23 29/52/29 25/56/25
f 25/56/25 29/52/29 30/55/30
f 25/56/25 30/55/30 26/57/26
f 17/58/17 21/59/21 31/60/31
f 31/60/31 21/59/21 32/61/32
f 32/61/32 21/59/21 24/62/24
f 32/61/32 24/62/24 26/63/26
f 17/58/17 31/60/31 33/64/33
f 17/58/17 33/64/33 18/65/18
f 18/65/18 33/64/33 34/66/34
f 18/65/18 34/66/34 19/67/19
f 34/66/34 33/64/33 35/68/35
f 19/67/19 34/66/34 36/69/36
f 19/67/19 36/69/36 28/70/28
f 28/70/28 36/69/36 30/71/30
f 36/69/36 34/66/34 37/72/37
f 37/72/37 34/66/34 35/68/35
f 30/71/30 36/69/36 38/73/38
f 30/71/30 38/73/38 26/74/26
f 36/69/36 37/72/37 39/75/39
f 36/69/36 39/75/39 38/73/38
f 38/73/38 39/75/39 40/76/40
f 38/73/38 40/76/40 41/77/41
f 41/77/41 40/76/40 42/78/42
f 42/78/42 40/76/40 39/75/39
f 39/75/39 37/72/37 43/79/43
f 39/75/39 43/79/43 42/78/42
f 44/80/44 37/72/37 35/68/35
f 37/72/37 44/80/44 43/79/43
f 44/80/44 35/68/35 45/81/45
f 44/80/44 45/81/45 46/82/46
f 44/80/44 46/82/46 47/83/47
f 44/80/44 47/83/47 43/79/43
f 43/79/43 47/83/47 48/84/48
f 43/79/43 48/84/48 49/85/49
f 43/79/43 49/85/49 42/78/42
f 42/78/42 49/85/49 50/86/50
f 32/87/32 26/88/26 38/89/38
f 31/90/31 32/91/32 51/92/51
f 31/90/31 51/92/51 52/93/52
f 51/92/51 32/91/32 53/94/53
f 53/94/53 32/91/32 41/95/41
f 41/95/41 32/91/32 38/96/38
f 53/94/53 41/95/41 54/97/54
f 54/97/54 41/95/41 55/98/55
f 55/98/55 41/95/41 56/99/56
f 56/99/56 41/95/41 42/100/42
f 55/98/55 56/99/56 57/101/57
f 57/101/57 56/99/56 58/102/58
f 57/101/57 58/102/58 59/103/59
f 59/103/59 58/102/58 60/104/60
f 60/104/60 58/102/58 45/105/45
f 59/103/59 60/104/60 61/106/61
f 59/103/59 61/106/61 62/107/62
f 62/107/62 61/106/61 63/108/63
f 61/106/61 60/104/60 64/109/64
f 64/109/64 60/104/60 45/105/45
f 63/108/63 61/106/61 65/110/65
f 65/110/65 61/106/61 64/109/64
f 64/109/64 45/105/45 66/111/66
f 64/109/64 66/111/66 65/110/65
f 66/111/66 45/105/45 35/112/35
f 66/111/66 35/112/35 33/113/33
f 63/108/63 65/110/65 67/114/67
f 67/114/67 65/110/65 66/111/66
f 63/108/63 67/114/67 68/115/68
f 68/115/68 67/114/67 52/116/52
f 67/114/67 66/111/66 69/117/69
f 69/117/69 66/111/66 33/113/33
f 52/116/52 67/114/67 70/118/70
f 70/118/70 67/114/67 69/117/69
f 70/118/70 69/117/69 33/113/33
f 52/116/52 70/118/70 31/119/31
f 31/119/31 70/118/70 33/113/33
f 63/120/63 68/121/68 71/122/71
f 71/122/71 68/121/68 72/123/72
f 71/122/71 72/123/72 73/124/73
f 63/125/63 71/126/71 62/127/62
f 62/127/62 71/126/71 74/128/74
f 74/128/74 71/126/71 73/129/73
f 68/130/68 52/131/52 72/132/72
f 62/133/62 74/134/74 59/135/59
f 59/135/59 74/134/74 75/136/75
f 59/135/59 75/136/75 76/137/76
f 76/137/76 75/136/75 77/138/77
f 76/137/76 77/138/77 78/139/78
f 76/137/76 78/139/78 79/140/79
f 78/139/78 77/138/77 80/141/80
f 80/141/80 77/138/77 81/142/81
f 80/141/80 81/142/81 82/143/82
f 74/144/74 73/145/73 83/146/83
f 74/144/74 83/146/83 75/147/75
f 83/146/83 73/145/73 84/148/84
f 75/147/75 83/146/83 85/149/85
f 75/147/75 85/149/85 77/150/77
f 77/150/77 85/149/85 81/151/81
f 85/149/85 83/146/83 86/152/86
f 86/152/86 83/146/83 84/148/84
f 81/151/81 85/149/85 87/153/87
f 81/151/81 87/153/87 82/154/82
f 85/149/85 86/152/86 88/155/88
f 85/149/85 88/155/88 87/153/87
f 86/152/86 84/148/84 89/156/89
f 82/154/82 87/153/87 90/157/90
f 90/157/90 87/153/87 88/155/88
f 82/154/82 90/157/90 91/158/91
f 89/156/89 84/148/84 92/159/92
f 88/155/88 86/152/86 93/160/93
f 93/160/93 86/152/86 89/156/89
f 91/158/91 90/157/90 94/161/94
f 91/158/91 94/161/94 95/162/95
f 95/162/95 94/161/94 96/163/96
f 94/161/94 90/157/90 97/164/97
f 97/164/97 90/157/90 88/155/88
f 96/163/96 94/161/94 98/165/98
f 98/165/98 94/161/94 97/164/97
f 96/163/96 98/165/98 99/166/99
f 97/164/97 88/155/88 100/167/100
f 97/164/97 100/167/100 98/165/98
f 100/167/100 88/155/88 93/160/93
f 98/165/98 100/167/100 101/168/101
f 101/168/101 100/167/100 102/169/102
f 102/169/102 100/167/100 93/160/93
f 103/170/103 104/171/104 102/169/102
f 103/170/103 102/169/102 105/172/105
f 105/172/105 102/169/102 93/160/93
f 105/172/105 93/160/93 106/173/106
f 105/172/105 106/173/106 107/174/107
f 106/173/106 93/160/93 89/156/89
f 107/174/107 106/173/106 108/175/108
f 108/175/108 106/173/106 109/176/109
f 109/176/109 106/173/106 89/156/89
f 108/175/108 109/176/109 110/177/110
f 109/176/109 89/156/89 111/178/111
f 111/178/111 89/156/89 92/159/92
f 111/178/111 92/159/92 112/179/112
f 109/176/109 111/178/111 113/180/113
f 109/176/109 113/180/113 110/177/110
f 111/178/111 112/179/112 114/181/114
f 111/178/111 114/181/114 113/180/113
f 114/181/114 112/179/112 115/182/115
f 110/177/110 113/180/113 116/183/116
f 110/177/110 116/183/116 117/184/117
f 116/183/116 113/180/113 118/185/118
f 116/183/116 118/185/118 119/186/119
f 113/180/113 114/181/114 120/187/120
f 120/187/120 114/181/114 115/182/115
f 113/180/113 120/187/120 118/185/118
f 120/187/120 115/182/115 121/188/121
f 118/185/118 120/187/120 122/189/122
f 120/187/120 121/188/121 123/190/123
f 120/187/120 123/190/123 122/189/122
f 124/191/124 73/192/73 72/193/72
f 73/192/73 124/191/124 84/194/84
f 84/194/84 124/191/124 125/195/125
f 126/196/126 127/197/127 124/191/124
f 124/191/124 127/197/127 125/195/125
f 84/194/84 125/195/125 128/198/128
f 84/194/84 128/198/128 92/199/92
f 129/200/129 112/201/112 92/199/92
f 129/200/129 92/199/92 128/198/128
f 129/200/129 128/198/128 130/202/130
f 130/202/130 128/198/128 131/203/131
f 130/202/130 131/203/131 132/204/132
f 132/204/132 131/203/131 133/205/133
f 133/205/133 131/203/131 134/206/134
f 131/203/131 128/198/128 135/207/135
f 131/203/131 135/207/135 134/206/134
f 135/207/135 128/198/128 125/195/125
f 135/207/135 125/195/125 136/208/136
f 136/208/136 125/195/125 127/197/127
f 134/206/134 135/207/135 137/209/137
f 134/206/134 137/209/137 103/210/103
f 103/210/103 137/209/137 104/211/104
f 137/209/137 135/207/135 138/212/138
f 138/212/138 135/207/135 136/208/136
f 137/209/137 138/212/138 139/213/139
f 139/213/139 138/212/138 140/214/140
f 138/212/138 136/208/136 141/215/141
f 138/212/138 141/215/141 140/214/140
f 142/216/142 143/217/143 140/214/140
f 142/216/142 140/214/140 144/218/144
f 144/218/144 140/214/140 141/215/141
f 142/216/142 144/218/144 145/219/145
f 145/219/145 144/218/144 146/220/146
f 144/218/144 141/215/141 147/221/147
f 144/218/144 147/221/147 146/220/146
f 147/221/147 141/215/141 136/208/136
f 146/220/146 147/221/147 148/222/148
f 147/221/147 136/208/136 149/223/149
f 147/221/147 149/223/149 148/222/148
f 149/223/149 136/208/136 127/197/127
f 148/222/148 149/223/149 150/224/150
f 150/224/150 149/223/149 127/197/127
f 150/224/150 127/197/127 151/225/151
f 124/226/124 72/227/72 126/228/126
f 126/228/126 72/227/72 52/229/52
f 126/230/126 52/231/52 152/232/152
f 152/232/152 52/231/52 51/233/51
f 126/230/126 152/232/152 151/234/151
f 151/234/151 152/232/152 153/235/153
f 151/234/151 153/235/153 154/236/154
f 151/234/151 154/236/154 150/237/150
f 150/237/150 154/236/154 148/238/148
f 153/235/153 152/232/152 155/239/155
f 155/239/155 152/232/152 156/240/156
f 156/240/156 152/232/152 51/233/51
f 155/239/155 156/240/156 157/241/157
f 157/241/157 156/240/156 158/242/158
f 156/240/156 51/233/51 159/243/159
f 156/240/156 159/243/159 158/242/158
f 159/243/159 51/233/51 53/244/53
f 158/242/158 159/243/159 160/245/160
f 159/243/159 53/244/53 161/246/161
f 161/246/161 53/244/53 54/247/54
f 159/243/159 161/246/161 162/248/162
f 160/245/160 159/243/159 163/249/163
f 160/245/160 163/249/163 164/250/164
f 164/250/164 163/249/163 165/251/165
f 164/250/164 165/251/165 143/252/143
f 126/253/126 151/254/151 127/255/127
f 148/256/148 154/257/154 166/258/166
f 148/256/148 166/258/166 146/259/146
f 146/259/146 166/258/166 145/260/145
f 166/258/166 154/257/154 167/261/167
f 167/261/167 154/257/154 153/262/153
f 145/260/145 166/258/166 168/263/168
f 167/261/167 153/262/153 169/264/169
f 169/264/169 153/262/153 155/265/155
f 166/258/166 167/261/167 170/266/170
f 170/266/170 167/261/167 169/264/169
f 168/263/168 166/258/166 171/267/171
f 171/267/171 166/258/166 170/266/170
f 145/260/145 168/263/168 172/268/172
f 172/268/172 168/263/168 171/267/171
f 145/260/145 172/268/172 142/269/142
f 142/269/142 172/268/172 143/270/143
f 143/270/143 172/268/172 164/271/164
f 164/271/164 172/268/172 173/272/173
f 164/271/164 173/272/173 160/273/160
f 172/268/172 171/267/171 174/274/174
f 172/268/172 174/274/174 173/272/173
f 174/274/174 171/267/171 175/275/175
f 175/275/175 171/267/171 170/266/170
f 160/273/160 173/272/173 176/276/176
f 176/276/176 173/272/173 174/274/174
f 160/273/160 176/276/176 158/277/158
f 158/277/158 176/276/176 177/278/177
f 176/276/176 174/274/174 178/279/178
f 176/276/176 178/279/178 177/278/177
f 178/279/178 174/274/174 175/275/175
f 177/278/177 178/279/178 179/280/179
f 179/280/179 178/279/178 180/281/180
f 180/281/180 178/279/178 181/282/181
f 181/282/181 178/279/178 175/275/175
f 181/282/181 175/275/175 182/283/182
f 182/283/182 175/275/175 183/284/183
f 183/284/183 175/275/175 170/266/170
f 182/283/182 183/284/183 184/285/184
f 183/284/183 170/266/170 169/264/169
f 184/285/184 183/284/183 185/286/185
f 185/286/185 183/284/183 169/264/169
f 184/285/184 185/286/185 186/287/186
f 185/286/185 169/264/169 155/265/155
f 186/287/186 185/286/185 187/288/187
f 187/288/187 185/286/185 155/265/155
f 186/287/186 187/288/187 188/289/188
f 187/288/187 155/265/155 157/290/157
f 188/289/188 187/288/187 177/291/177
f 177/291/177 187/288/187 157/290/157
f 188/289/188 177/291/177 179/292/179
f 177/291/177 157/290/157 158/293/158
f 140/294/140 143/295/143 189/296/189
f 189/296/189 143/295/143 165/297/165
f 140/294/140 189/296/189 139/298/139
f 189/296/189 165/297/165 190/299/190
f 189/296/189 190/299/190 139/298/139
f 190/299/190 165/297/165 163/300/163
f 190/299/190 163/300/163 159/301/159
f 190/299/190 159/301/159 162/302/162
f 139/298/139 190/299/190 191/303/191
f 191/303/191 190/299/190 162/302/162
f 139/298/139 191/303/191 192/304/192
f 139/298/139 192/304/192 137/305/137
f 137/305/137 192/304/192 104/306/104
f 191/303/191 162/302/162 193/307/193
f 193/307/193 162/302/162 194/308/194
f 193/307/193 194/308/194 195/309/195
f 194/308/194 162/302/162 196/310/196
f 194/308/194 196/310/196 195/309/195
f 196/310/196 162/302/162 161/311/161
f 195/309/195 196/310/196 197/312/197
f 196/310/196 161/311/161 198/313/198
f 196/310/196 198/313/198 197/312/197
f 198/313/198 161/311/161 54/314/54
f 198/313/198 54/314/54 197/312/197
f 182/315/182 184/316/184 199/317/199
f 181/318/181 182/315/182 200/319/200
f 200/319/200 182/315/182 199/317/199
f 200/319/200 199/317/199 201/320/201
f 201/320/201 199/317/199 202/321/202
f 199/317/199 184/316/184 203/322/203
f 199/317/199 203/322/203 202/321/202
f 203/322/203 184/316/184 186/323/186
f 202/321/202 203/322/203 204/324/204
f 180/325/180 181/326/181 200/327/200
f 180/325/180 200/327/200 205/328/205
f 205/328/205 200/327/200 206/329/206
f 180/325/180 205/328/205 179/330/179
f 205/328/205 206/329/206 207/331/207
f 179/330/179 205/328/205 208/332/208
f 208/332/208 205/328/205 207/331/207
f 208/332/208 207/331/207 209/333/209
f 209/333/209 207/331/207 210/334/210
f 179/330/179 208/332/208 211/335/211
f 211/335/211 208/332/208 209/333/209
f 179/330/179 211/335/211 188/336/188
f 211/335/211 209/333/209 212/337/212
f 188/336/188 211/335/211 186/338/186
f 211/335/211 212/337/212 204/339/204
f 186/338/186 211/335/211 203/340/203
f 203/340/203 211/335/211 204/339/204
f 209/341/209 210/342/210 213/343/213
f 209/341/209 213/343/213 212/344/212
f 213/343/213 210/342/210 214/345/214
f 213/343/213 214/345/214 212/344/212
f 214/345/214 210/342/210 215/346/215
f 214/345/214 215/346/215 212/344/212
f 215/346/215 210/342/210 207/347/207
f 215/346/215 207/347/207 216/348/216
f 216/348/216 207/347/207 206/349/206
f 212/344/212 215/346/215 217/350/217
f 217/350/217 215/346/215 216/348/216
f 216/348/216 206/349/206 218/351/218
f 212/344/212 217/350/217 219/352/219
f 212/344/212 219/352/219 204/353/204
f 217/350/217 216/348/216 220/354/220
f 220/354/220 216/348/216 218/351/218
f 217/350/217 220/354/220 219/352/219
f 219/352/219 220/354/220 221/355/221
f 221/355/221 220/354/220 218/351/218
f 219/352/219 221/355/221 222/356/222
f 222/356/222 221/355/221 223/357/223
f 222/356/222 223/357/223 224/358/224
f 224/358/224 223/357/223 225/359/225
f 225/359/225 223/357/223 221/355/221
f 221/355/221 218/351/218 226/360/226
f 221/355/221 226/360/226 225/359/225
f 225/359/225 226/360/226 227/361/227
f 226/360/226 218/351/218 228/362/228
f 227/361/227 226/360/226 229/363/229
f 229/363/229 226/360/226 228/362/228
f 229/363/229 228/362/228 219/364/219
f 229/363/229 219/364/219 222/365/222
f 218/366/218 206/367/206 228/368/228
f 228/368/228 206/367/206 230/369/230
f 230/369/230 206/367/206 200/370/200
f 224/371/224 225/372/225 227/373/227
f 224/371/224 227/373/227 222/374/222
f 222/374/222 227/373/227 229/375/229
f 219/376/219 228/377/228 231/378/231
f 231/378/231 228/377/228 232/379/232
f 233/380/233 234/381/234 232/379/232
f 233/380/233 232/379/232 235/382/235
f 235/382/235 232/379/232 236/383/236
f 236/383/236 232/379/232 228/377/228
f 236/383/236 228/377/228 230/384/230
f 236/383/236 230/384/230 201/385/201
f 201/385/201 230/384/230 200/386/200
f 236/383/236 201/385/201 237/387/237
f 201/388/201 202/389/202 237/390/237
f 237/390/237 202/389/202 238/391/238
f 238/391/238 202/389/202 204/392/204
f 238/391/238 204/392/204 239/393/239
f 197/394/197 54/395/54 240/396/240
f 240/396/240 54/395/54 241/397/241
f 197/394/197 240/396/240 242/398/242
f 242/398/242 240/396/240 241/397/241
f 197/394/197 242/398/242 195/399/195
f 195/399/195 242/398/242 243/400/243
f 195/399/195 243/400/243 193/401/193
f 242/398/242 241/397/241 244/402/244
f 242/398/242 244/402/244 243/400/243
f 243/400/243 244/402/244 193/401/193
f 193/401/193 244/402/244 191/403/191
f 191/403/191 244/402/244 245/404/245
f 245/404/245 244/402/244 246/405/246
f 245/404/245 246/405/246 247/406/247
f 245/404/245 247/406/247 248/407/248
f 191/403/191 245/404/245 101/408/101
f 191/403/191 101/408/101 192/409/192
f 192/409/192 101/408/101 102/410/102
f 192/409/192 102/410/102 104/411/104
f 101/408/101 245/404/245 249/412/249
f 249/412/249 245/404/245 248/407/248
f 101/408/101 249/412/249 98/413/98
f 249/412/249 248/407/248 99/414/99
f 249/412/249 99/414/99 98/413/98
f 241/415/241 54/416/54 55/417/55
f 241/415/241 55/417/55 246/418/246
f 241/415/241 246/418/246 244/419/244
f 246/418/246 55/417/55 57/420/57
f 246/418/246 57/420/57 250/421/250
f 246/418/246 250/421/250 251/422/251
f 251/422/251 250/421/250 252/423/252
f 252/423/252 250/421/250 79/424/79
f 79/424/79 250/421/250 76/425/76
f 76/425/76 250/421/250 57/420/57
f 76/425/76 57/420/57 59/426/59
f 248/427/248 247/428/247 253/429/253
f 248/427/248 253/429/253 99/430/99
f 253/429/253 247/428/247 254/431/254
f 254/431/254 247/428/247 246/432/246
f 254/431/254 246/432/246 251/433/251
f 99/434/99 253/435/253 255/436/255
f 99/434/99 255/436/255 96/437/96
f 96/437/96 255/436/255 95/438/95
f 255/436/255 253/435/253 256/439/256
f 256/439/256 253/435/253 254/440/254
f 95/438/95 255/436/255 257/441/257
f 256/439/256 254/440/254 258/442/258
f 258/442/258 254/440/254 251/443/251
f 258/442/258 251/443/251 259/444/259
f 256/439/256 258/442/258 260/445/260
f 256/439/256 260/445/260 255/436/255
f 258/442/258 259/444/259 261/446/261
f 258/442/258 261/446/261 260/445/260
f 261/446/261 259/444/259 262/447/262
f 261/446/261 262/447/262 263/448/263
f 261/446/261 263/448/263 264/449/264
f 261/446/261 264/449/264 265/450/265
f 261/446/261 265/450/265 260/445/260
f 265/450/265 264/449/264 266/451/266
f 267/452/267 255/436/255 260/445/260
f 267/452/267 260/445/260 265/450/265
f 255/436/255 267/452/267 257/441/257
f 265/450/265 266/451/266 268/453/268
f 268/453/268 266/451/266 269/454/269
f 267/452/267 265/450/265 270/455/270
f 270/455/270 265/450/265 268/453/268
f 257/441/257 267/452/267 271/456/271
f 271/456/271 267/452/267 270/455/270
f 257/441/257 271/456/271 95/438/95
f 95/438/95 271/456/271 91/457/91
f 91/457/91 271/456/271 82/458/82
f 82/458/82 271/456/271 80/459/80
f 80/459/80 271/456/271 272/460/272
f 272/460/272 271/456/271 270/455/270
f 80/459/80 272/460/272 78/461/78
f 272/460/272 270/455/270 273/462/273
f 272/460/272 273/462/273 78/461/78
f 273/462/273 270/455/270 268/453/268
f 78/461/78 273/462/273 79/463/79
f 273/462/273 268/453/268 274/464/274
f 273/462/273 274/464/274 79/463/79
f 274/464/274 268/453/268 269/454/269
f 274/464/274 269/454/269 275/465/275
f 79/463/79 274/464/274 276/466/276
f 276/466/276 274/464/274 275/465/275
f 79/463/79 276/466/276 252/467/252
f 276/466/276 275/465/275 277/468/277
f 252/467/252 276/466/276 259/469/259
f 259/469/259 276/466/276 277/468/277
f 252/467/252 259/469/259 251/470/251
f 259/469/259 277/468/277 262/471/262
f 277/472/277 275/473/275 278/474/278
f 277/472/277 278/474/278 262/475/262
f 278/474/278 275/473/275 279/476/279
f 279/476/279 275/473/275 269/477/269
f 262/475/262 278/474/278 280/478/280
f 262/475/262 280/478/280 281/479/281
f 262/475/262 281/479/281 263/480/263
f 263/480/263 281/479/281 282/481/282
f 263/480/263 282/481/282 264/482/264
f 280/478/280 278/474/278 283/483/283
f 280/478/280 283/483/283 284/484/284
f 284/484/284 283/483/283 285/485/285
f 283/483/283 278/474/278 286/486/286
f 286/486/286 278/474/278 287/487/287
f 287/487/287 278/474/278 279/476/279
f 287/487/287 279/476/279 288/488/288
f 288/488/288 279/476/279 289/489/289
f 289/489/289 279/476/279 269/477/269
f 288/488/288 289/489/289 290/490/290
f 289/489/289 269/477/269 266/491/266
f 290/490/290 289/489/289 282/492/282
f 282/492/282 289/489/289 266/491/266
f 282/492/282 266/491/266 264/493/264
f 282/494/282 281/495/281 291/496/291
f 291/496/291 281/495/281 284/497/284
f 284/497/284 281/495/281 280/498/280
f 285/499/285 283/500/283 292/501/292
f 292/501/292 283/500/283 286/502/286
f 285/499/285 292/501/292 293/503/293
f 293/503/293 292/501/292 286/502/286
f 285/499/285 293/503/293 294/504/294
f 294/504/294 293/503/293 286/502/286
f 285/499/285 294/504/294 284/505/284
f 284/505/284 294/504/294 295/506/295
f 284/505/284 295/506/295 291/507/291
f 294/504/294 286/502/286 296/508/296
f 294/504/294 296/508/296 295/506/295
f 291/507/291 295/506/295 297/509/297
f 296/508/296 286/502/286 298/510/298
f 298/510/298 286/502/286 287/511/287
f 295/506/295 296/508/296 299/512/299
f 299/512/299 296/508/296 298/510/298
f 295/506/295 299/512/299 297/509/297
f 299/512/299 298/510/298 300/513/300
f 299/512/299 300/513/300 297/509/297
f 300/513/300 298/510/298 301/514/301
f 300/513/300 301/514/301 302/515/302
f 302/515/302 301/514/301 303/516/303
f 302/515/302 303/516/303 304/517/304
f 302/515/302 304/517/304 300/513/300
f 297/509/297 300/513/300 305/518/305
f 305/518/305 300/513/300 304/517/304
f 305/518/305 304/517/304 306/519/306
f 297/509/297 305/518/305 307/520/307
f 305/518/305 306/519/306 308/521/308
f 305/518/305 308/521/308 307/520/307
f 307/520/307 308/521/308 298/522/298
f 298/522/298 308/521/308 301/523/301
f 291/524/291 297/525/297 307/526/307
f 291/524/291 307/526/307 309/527/309
f 291/524/291 309/527/309 282/528/282
f 282/529/282 309/530/309 290/531/290
f 290/531/290 309/530/309 310/532/310
f 310/532/310 309/530/309 307/533/307
f 310/532/310 307/533/307 311/534/311
f 310/532/310 311/534/311 312/535/312
f 311/534/311 307/533/307 313/536/313
f 312/535/312 311/534/311 314/537/314
f 311/534/311 313/536/313 315/538/315
f 311/534/311 315/538/315 314/537/314
f 315/538/315 313/536/313 316/539/316
f 314/537/314 315/538/315 317/540/317
f 317/540/317 315/538/315 316/539/316
f 288/541/288 290/542/290 318/543/318
f 318/543/318 290/542/290 310/544/310
f 318/543/318 310/544/310 319/545/319
f 288/541/288 318/543/318 320/546/320
f 288/541/288 320/546/320 287/547/287
f 287/547/287 320/546/320 321/548/321
f 320/546/320 318/543/318 322/549/322
f 318/543/318 319/545/319 323/550/323
f 318/543/318 323/550/323 322/549/322
f 323/550/323 319/545/319 324/551/324
f 323/550/323 324/551/324 322/549/322
f 287/552/287 321/553/321 298/554/298
f 313/555/313 307/556/307 298/554/298
f 313/555/313 298/554/298 321/553/321
f 313/555/313 321/553/321 325/557/325
f 313/555/313 325/557/325 316/558/316
f 316/558/316 325/557/325 317/559/317
f 317/559/317 325/557/325 314/560/314
f 314/560/314 325/557/325 312/561/312
f 312/561/312 325/557/325 321/553/321
f 312/561/312 321/553/321 310/562/310
f 310/562/310 321/553/321 326/563/326
f 326/563/326 321/553/321 320/564/320
f 310/562/310 326/563/326 319/565/319
f 326/563/326 320/564/320 322/566/322
f 326/563/326 322/566/322 327/567/327
f 327/567/327 322/566/322 328/568/328
f 328/568/328 322/566/322 324/569/324
f 326/563/326 327/567/327 329/570/329
f 329/570/329 327/567/327 328/568/328
f 326/563/326 329/570/329 319/565/319
f 329/570/329 328/568/328 324/569/324
f 329/570/329 324/569/324 319/565/319
f 308/571/308 306/572/306 301/573/301
f 301/573/301 306/572/306 303/574/303
f 303/574/303 306/572/306 304/575/304
f 330/576/330 231/577/231 234/578/234
f 234/578/234 231/577/231 232/579/232
f 330/576/330 234/578/234 331/580/331
f 331/580/331 234/578/234 233/581/233
f 231/577/231 330/576/330 332/582/332
f 332/582/332 330/576/330 331/580/331
f 332/582/332 331/580/331 233/581/233
f 231/577/231 332/582/332 239/583/239
f 332/582/332 233/581/233 235/584/235
f 332/582/332 235/584/235 239/583/239
f 239/583/239 235/584/235 236/585/236
f 239/583/239 236/585/236 333/586/333
f 333/586/333 236/585/236 334/587/334
f 334/587/334 236/585/236 237/588/237
f 231/589/231 239/590/239 219/591/219
f 219/591/219 239/590/239 204/592/204
f 239/593/239 333/594/333 238/595/238
f 238/595/238 333/594/333 335/596/335
f 335/596/335 333/594/333 336/597/336
f 335/596/335 336/597/336 337/598/337
f 335/596/335 337/598/337 338/599/338
f 336/597/336 333/594/333 339/600/339
f 336/597/336 339/600/339 337/598/337
f 337/598/337 339/600/339 338/599/338
f 339/600/339 333/594/333 334/601/334
f 339/600/339 334/601/334 338/599/338
f 237/602/237 238/603/238 335/604/335
f 237/602/237 335/604/335 340/605/340
f 340/605/340 335/604/335 338/606/338
f 237/602/237 340/605/340 334/607/334
f 334/607/334 340/605/340 338/606/338
f 341/608/341 342/609/342 343/610/343
f 341/608/341 343/610/343 344/611/344
f 342/609/342 341/608/341 345/612/345
f 342/609/342 345/612/345 346/613/346
f 346/613/346 345/612/345 347/614/347
f 346/613/346 347/614/347 348/615/348
f 346/613/346 348/615/348 349/616/349
f 349/616/349 348/615/348 350/617/350
f 349/616/349 350/617/350 351/618/351
f 351/618/351 350/617/350 352/619/352
f 352/619/352 350/617/350 353/620/353
f 351/618/351 352/619/352 346/621/346
f 346/621/346 352/619/352 133/622/133
f 133/622/133 352/619/352 132/623/132
f 346/621/346 133/622/133 354/624/354
f 354/624/354 133/622/133 134/625/134
f 354/624/354 134/625/134 103/626/103
f 354/624/354 103/626/103 355/627/355
f 345/628/345 341/629/341 356/630/356
f 356/630/356 341/629/341 344/631/344
f 345/628/345 356/630/356 347/632/347
f 343/633/343 357/634/26 344/631/344
f 344/631/344 357/634/26 358/635/357
f 344/631/344 358/635/357 356/630/356
f 358/635/357 357/634/26 359/636/358
f 358/635/357 359/636/358 360/637/359
f 347/632/347 356/630/356 361/638/360
f 358/635/357 360/637/359 362/639/361
f 362/639/361 360/637/359 363/640/362
f 356/630/356 358/635/357 364/641/363
f 358/635/357 362/639/361 365/642/364
f 358/635/357 365/642/364 364/641/363
f 365/642/364 362/639/361 366/643/365
f 366/643/365 362/639/361 367/644/366
f 368/645/367 361/638/360 356/630/356
f 368/645/367 356/630/356 364/641/363
f 361/638/360 368/645/367 369/646/368
f 361/638/360 369/646/368 347/632/347
f 369/646/368 368/645/367 370/647/369
f 368/645/367 364/641/363 371/648/370
f 368/645/367 371/648/370 370/647/369
f 371/648/370 364/641/363 365/642/364
f 369/646/368 370/647/369 372/649/371
f 369/646/368 372/649/371 347/632/347
f 372/649/371 370/647/369 371/648/370
f 347/632/347 372/649/371 348/650/348
f 371/648/370 365/642/364 373/651/372
f 371/648/370 373/651/372 372/649/371
f 372/649/371 373/651/372 348/650/348
f 373/651/372 365/642/364 366/643/365
f 348/650/348 373/651/372 350/652/350
f 350/652/350 373/651/372 374/653/373
f 374/653/373 373/651/372 366/643/365
f 374/653/373 366/643/365 375/654/374
f 357/655/26 343/656/343 376/657/375
f 357/655/26 376/657/375 377/658/376
f 357/655/26 377/658/376 359/659/358
f 359/659/358 377/658/376 360/660/359
f 378/661/377 363/662/362 360/660/359
f 378/661/377 360/660/359 377/658/376
f 377/658/376 376/657/375 379/663/378
f 379/663/378 376/657/375 380/664/379
f 379/663/378 380/664/379 381/665/380
f 379/663/378 381/665/380 382/666/381
f 379/663/378 382/666/381 383/667/382
f 378/661/377 377/658/376 384/668/383
f 377/658/376 379/663/378 385/669/384
f 377/658/376 385/669/384 384/668/383
f 379/663/378 383/667/382 386/670/385
f 379/663/378 386/670/385 385/669/384
f 383/667/382 382/666/381 387/671/386
f 383/667/382 387/671/386 386/670/385
f 387/671/386 382/666/381 388/672/387
f 386/670/385 387/671/386 389/673/388
f 389/673/388 387/671/386 388/672/387
f 388/672/387 382/666/381 390/674/389
f 386/670/385 389/673/388 391/675/390
f 386/670/385 391/675/390 385/669/384
f 391/675/390 389/673/388 388/672/387
f 385/669/384 391/675/390 384/668/383
f 388/672/387 390/674/389 392/676/391
f 388/672/387 392/676/391 391/675/390
f 391/675/390 392/676/391 384/668/383
f 392/676/391 390/674/389 393/677/392
f 392/676/391 393/677/392 394/678/393
f 384/668/383 392/676/391 395/679/394
f 395/679/394 392/676/391 394/678/393
f 395/679/394 394/678/393 396/680/395
f 384/668/383 395/679/394 378/661/377
f 378/661/377 395/679/394 397/681/396
f 376/682/375 343/683/343 380/684/379
f 380/685/379 343/686/343 342/687/342
f 380/688/379 342/689/342 381/690/380
f 381/691/380 342/692/342 398/693/397
f 398/693/397 342/692/342 399/694/398
f 398/693/397 399/694/398 400/695/399
f 400/695/399 399/694/398 355/696/355
f 400/695/399 355/696/355 103/697/103
f 382/698/381 381/699/380 398/700/397
f 382/698/381 398/700/397 390/701/389
f 390/701/389 398/700/397 401/702/400
f 390/701/389 401/702/400 393/703/392
f 393/704/392 401/705/400 402/706/401
f 402/706/401 401/705/400 398/707/397
f 402/706/401 398/707/397 117/708/117
f 393/709/392 402/710/401 117/711/117
f 393/709/392 117/711/117 116/712/116
f 393/709/392 116/712/116 119/713/119
f 393/709/392 119/713/119 394/714/393
f 117/715/117 398/716/397 107/717/107
f 107/717/107 398/716/397 400/718/399
f 117/715/117 107/717/107 108/719/108
f 117/715/117 108/719/108 110/720/110
f 107/717/107 400/718/399 105/721/105
f 105/721/105 400/718/399 103/722/103
f 394/723/393 119/724/119 403/725/402
f 403/725/402 119/724/119 118/726/118
f 394/723/393 403/725/402 404/727/403
f 394/723/393 404/727/403 396/728/395
f 396/728/395 404/727/403 405/729/404
f 405/729/404 404/727/403 403/725/402
f 405/729/404 403/725/402 118/726/118
f 405/729/404 118/726/118 122/730/122
f 405/729/404 122/730/122 406/731/405
f 406/731/405 122/730/122 123/732/123
f 406/731/405 123/732/123 407/733/406
f 354/734/354 355/735/355 399/736/398
f 354/734/354 399/736/398 346/737/346
f 346/737/346 399/736/398 342/738/342
f 112/739/112 129/740/129 408/741/407
f 112/739/112 408/741/407 115/742/115
f 408/741/407 129/740/129 409/743/408
f 115/742/115 408/741/407 410/744/409
f 410/744/409 408/741/407 409/743/408
f 115/742/115 410/744/409 121/745/121
f 121/745/121 410/744/409 123/746/123
f 123/746/123 410/744/409 411/747/410
f 411/747/410 410/744/409 412/748/411
f 412/748/411 410/744/409 409/743/408
f 130/749/130 409/743/408 129/740/129
f 412/748/411 409/743/408 353/750/353
f 412/748/411 353/750/353 413/751/412
f 413/751/412 353/750/353 350/752/350
f 353/750/353 409/743/408 414/753/413
f 414/753/413 409/743/408 130/749/130
f 353/750/353 414/753/413 352/754/352
f 414/753/413 130/749/130 132/755/132
f 414/753/413 132/755/132 352/754/352
f 351/756/351 346/757/346 349/758/349
f 413/759/412 350/760/350 374/761/373
f 412/762/411 413/763/412 415/764/414
f 415/764/414 413/763/412 374/765/373
f 415/764/414 374/765/373 416/766/415
f 416/766/415 374/765/373 375/767/374
f 416/766/415 375/767/374 417/768/416
f 416/766/415 417/768/416 415/764/414
f 415/764/414 417/768/416 412/762/411
f 412/762/411 417/768/416 411/769/410
f 411/769/410 417/768/416 418/770/417
f 411/769/410 418/770/417 123/771/123
f 123/771/123 418/770/417 407/772/406
f 419/773/418 417/774/416 375/775/374
f 419/773/418 375/775/374 420/776/419
f 420/776/419 375/775/374 421/777/420
f 420/776/419 421/777/420 422/778/421
f 421/777/420 375/775/374 423/779/422
f 421/777/420 423/779/422 422/778/421
f 423/779/422 375/775/374 366/780/365
f 423/779/422 366/780/365 367/781/366
f 422/778/421 423/779/422 424/782/423
f 424/782/423 423/779/422 367/781/366
f 422/778/421 424/782/423 425/783/424
f 424/782/423 367/781/366 426/784/425
f 424/782/423 426/784/425 427/785/426
f 427/785/426 426/784/425 428/786/427
f 426/784/425 367/781/366 362/787/361
f 428/786/427 426/784/425 429/788/428
f 429/788/428 426/784/425 362/787/361
f 429/788/428 362/787/361 363/789/362
f 429/788/428 363/789/362 430/790/429
f 430/790/429 363/789/362 431/791/430
f 417/792/416 419/793/418 418/794/417
f 407/795/406 418/794/417 432/796/431
f 432/796/431 418/794/417 433/797/432
f 433/797/432 418/794/417 419/793/418
f 432/796/431 433/797/432 434/798/433
f 431/799/430 434/798/433 430/800/429
f 430/800/429 434/798/433 429/801/428
f 429/801/428 434/798/433 433/797/432
f 433/797/432 419/793/418 435/802/434
f 435/802/434 419/793/418 420/803/419
f 429/801/428 433/797/432 436/804/435
f 436/804/435 433/797/432 435/802/434
f 429/801/428 436/804/435 428/805/427
f 435/802/434 420/803/419 437/806/436
f 435/802/434 437/806/436 436/804/435
f 437/806/436 420/803/419 422/807/421
f 428/805/427 436/804/435 427/808/426
f 427/808/426 436/804/435 437/806/436
f 427/808/426 437/806/436 438/809/437
f 438/809/437 437/806/436 422/807/421
f 427/808/426 438/809/437 439/810/438
f 427/808/426 439/810/438 424/811/423
f 438/809/437 422/807/421 440/812/439
f 440/812/439 422/807/421 425/813/424
f 440/812/439 425/813/424 441/814/440
f 441/814/440 425/813/424 442/815/441
f 440/812/439 441/814/440 443/816/442
f 441/814/440 442/815/441 444/817/443
f 441/814/440 444/817/443 443/816/442
f 407/818/406 432/819/431 406/820/405
f 406/820/405 432/819/431 445/821/444
f 445/821/444 432/819/431 434/822/433
f 446/823/445 405/824/404 406/820/405
f 446/823/445 406/820/405 445/821/444
f 447/825/446 434/822/433 431/826/430
f 434/822/433 447/825/446 448/827/447
f 434/822/433 448/827/447 445/821/444
f 446/823/445 445/821/444 449/828/448
f 446/823/445 449/828/448 450/829/449
f 445/821/444 448/827/447 451/830/450
f 445/821/444 451/830/450 449/828/448
f 451/830/450 448/827/447 452/831/451
f 450/829/449 449/828/448 453/832/452
f 453/832/452 449/828/448 451/830/450
f 450/829/449 453/832/452 454/833/453
f 451/830/450 452/831/451 455/834/454
f 451/830/450 455/834/454 453/832/452
f 454/833/453 453/832/452 456/835/455
f 456/835/455 453/832/452 455/834/454
f 454/833/453 456/835/455 457/836/456
f 456/835/455 455/834/454 458/837/265
f 458/837/265 455/834/454 459/838/457
f 456/835/455 458/837/265 460/839/458
f 456/835/455 460/839/458 457/836/456
f 460/839/458 458/837/265 461/840/459
f 457/836/456 460/839/458 462/841/460
f 460/839/458 461/840/459 463/842/461
f 460/839/458 463/842/461 462/841/460
f 463/842/461 461/840/459 464/843/462
f 457/836/456 462/841/460 464/843/462
f 464/843/462 462/841/460 463/842/461
f 425/844/424 424/845/423 439/846/438
f 425/844/424 439/846/438 442/847/441
f 442/847/441 439/846/438 465/848/463
f 465/848/463 439/846/438 438/849/437
f 442/847/441 465/848/463 444/850/443
f 465/848/463 438/849/437 440/851/439
f 444/850/443 465/848/463 443/852/442
f 443/852/442 465/848/463 440/851/439
f 363/853/362 378/854/377 448/855/447
f 363/853/362 448/855/447 447/856/446
f 363/853/362 447/856/446 431/857/430
f 448/855/447 378/854/377 466/858/464
f 448/855/447 466/858/464 452/859/451
f 452/859/451 466/858/464 455/860/454
f 466/858/464 378/854/377 397/861/396
f 455/860/454 466/858/464 459/862/457
f 459/862/457 466/858/464 397/861/396
f 459/862/457 397/861/396 467/863/465
f 467/863/465 397/861/396 395/864/394
f 459/862/457 467/863/465 454/865/453
f 454/865/453 467/863/465 468/866/466
f 454/865/453 468/866/466 450/867/449
f 467/863/465 395/864/394 396/868/395
f 467/863/465 396/868/395 468/866/466
f 468/866/466 396/868/395 450/867/449
f 450/867/449 396/868/395 446/869/445
f 446/869/445 396/868/395 405/870/404
f 458/871/265 459/872/457 469/873/467
f 469/873/467 459/872/457 454/874/453
f 458/871/265 469/873/467 461/875/459
f 469/873/467 454/874/453 457/876/456
f 461/875/459 469/873/467 464/877/462
f 464/877/462 469/873/467 457/876/456
f 470/878/468 471/879/469 472/880/470
f 472/880/470 471/879/469 473/881/471
f 473/881/471 471/879/469 474/882/472
f 472/880/470 473/881/471 475/883/473
f 472/880/470 475/883/473 476/884/474
f 472/880/470 476/884/474 470/878/468
f 476/884/474 475/883/473 477/885/475
f 476/884/474 477/885/475 478/886/476
f 470/878/468 476/884/474 479/887/477
f 470/878/468 479/887/477 471/879/469
f 479/887/477 476/884/474 478/886/476
f 471/879/469 479/887/477 480/888/478
f 479/887/477 478/886/476 481/889/479
f 479/887/477 481/889/479 480/888/478
f 478/890/476 477/891/475 481/892/479
f 481/892/479 477/891/475 482/893/480
f 481/892/479 482/893/480 483/894/481
f 482/893/480 477/891/475 475/895/473
f 482/893/480 475/895/473 484/896/482
f 484/896/482 475/895/473 473/897/471
f 482/893/480 484/896/482 485/898/483
f 485/898/483 484/896/482 473/897/471
f 483/899/481 482/900/480 485/901/483
f 483/899/481 485/901/483 486/902/484
f 486/902/484 485/901/483 46/903/46
f 46/903/46 485/901/483 474/904/472
f 46/903/46 474/904/472 47/905/47
f 483/899/481 486/902/484 487/906/485
f 487/906/485 486/902/484 488/907/486
f 483/899/481 487/906/485 481/908/479
f 487/906/485 488/907/486 489/909/487
f 487/906/485 489/909/487 481/908/479
f 481/908/479 489/909/487 480/910/478
f 480/910/478 489/909/487 490/911/488
f 489/909/487 488/907/486 491/912/489
f 490/911/488 489/909/487 492/913/25
f 492/913/25 489/909/487 491/912/489
f 492/913/25 491/912/489 50/914/50
f 485/915/483 473/916/471 474/917/472
f 486/918/484 46/919/46 45/920/45
f 486/918/484 45/920/45 58/921/58
f 486/918/484 58/921/58 488/922/486
f 488/922/486 58/921/58 56/923/56
f 488/922/486 56/923/56 491/924/489
f 491/924/489 56/923/56 50/925/50
f 50/925/50 56/923/56 42/926/42
f 47/927/47 474/928/472 493/929/490
f 493/929/490 474/928/472 471/930/469
f 47/927/47 493/929/490 48/931/48
f 493/929/490 471/930/469 494/932/491
f 493/929/490 494/932/491 48/931/48
f 494/932/491 471/930/469 480/933/478
f 494/932/491 480/933/478 490/934/488
f 48/931/48 494/932/491 49/935/49
f 494/932/491 490/934/488 492/936/25
f 494/932/491 492/936/25 49/935/49
f 49/935/49 492/936/25 50/937/50
