mtllib Model_Slot.mtl
o tripo_node_4b81ccd2-888d-4313-b09e-869eeaaec0df
g tripo_node_4b81ccd2-888d-4313-b09e-869eeaaec0df
usemtl tripo_material_4b81ccd2_888d_4313_b09e_869eeaaec0df
v -0.280761719 -0.055801392 0.482086182
vt 0.470703125 0.295654297
vn -0.047138993 -0.047138993 0.997775376
v -0.216979980 -0.019205093 0.484069824
vt 0.466552734 0.331787109
vn 0.047168117 -0.031445410 0.998391807
v -0.270690918 -0.002889872 0.488464355
vt 0.448486328 0.307128906
vn -0.094620280 0.063080184 0.993512928
v -0.232421875 -0.135177612 0.477355957
vt 0.513183594 0.310791016
vn 0.031432789 -0.055007383 0.997991085
v -0.314422607 -0.066230774 0.469970703
vt 0.470214844 0.277099609
vn -0.746344447 -0.086418837 0.659925580
v -0.290954590 -0.104782104 0.482116699
vt 0.492187500 0.284912109
vn -0.345504791 -0.086376198 0.934433341
v -0.304626465 -0.001064658 0.476531982
vt 0.438720703 0.290771484
vn -0.733992040 0.023677161 0.678745270
v -0.219482422 0.036907196 0.478057861
vt 0.440185547 0.337646484
vn 0.047314551 0.102514856 0.993605554
v -0.251892090 0.091331482 0.473907471
vt 0.410644531 0.330566406
vn -0.007880614 0.118209220 0.992957413
v -0.137069702 0.066284180 0.475494385
vt 0.431640625 0.378417969
vn 0.031471685 0.023603763 0.999225974
v -0.297393799 0.112480164 0.467559814
vt 0.394775391 0.308105469
vn -0.275368661 0.133750498 0.951988876
v -0.248947144 0.121795654 0.466613770
vt 0.396240234 0.330078125
vn -0.047138993 0.047138993 0.997775376
v -0.285339355 0.147445679 0.469573975
vt 0.379882812 0.314453125
vn -0.118282706 0.559871435 0.820093334
v -0.298492432 0.140243530 0.455688477
vt 0.380615234 0.306396484
vn -0.557794213 0.628500581 0.542081714
v -0.316162109 0.138305664 0.448364258
vt 0.378662109 0.299316406
vn -0.748356342 0.401749194 0.527788162
v -0.187850952 0.028097153 0.478973389
vt 0.447753906 0.351806641
vn 0.094797261 0.015799543 0.995371222
v -0.099441528 -0.022197723 0.470489502
vt 0.479492188 0.389892578
vn 0.070686676 -0.007854076 0.997467637
v -0.062019348 -0.010991096 0.471374512
vt 0.474609375 0.408691406
vn 0.047185618 -0.015728539 0.998762250
v -0.148208618 -0.130966187 0.476318359
vt 0.526367188 0.351562500
vn 0.062867515 0.000000000 0.998021841
v -0.104400635 -0.072944641 0.471923828
vt 0.503662109 0.383544922
vn 0.015733894 0.039334733 0.999102235
v -0.050186157 -0.005103111 0.469177246
vt 0.472412109 0.414550781
vn -0.363196909 0.007895585 0.931679010
v -0.095245361 -0.069869995 0.474151611
vt 0.500976562 0.390136719
vn -0.402624607 0.236838028 0.884195268
v -0.042850494 0.004295349 0.476623535
vt 0.472412109 0.422119141
vn -0.118194535 0.126074165 0.984954417
v -0.081260681 -0.071746826 0.475677490
vt 0.500976562 0.396240234
vn 0.118430078 -0.165802106 0.979021966
v -0.031455994 -0.027656555 0.473419189
vt 0.492431641 0.427246094
vn -0.007858197 -0.062865578 0.997991085
v -0.081016541 -0.072349548 0.468322754
vt 0.503417969 0.396240234
vn 0.354451597 -0.527739048 0.771916807
v -0.078155518 -0.074745178 0.472198486
vt 0.505615234 0.395507812
vn -0.039334733 0.015733894 0.999102235
v -0.021514893 -0.114685059 0.472259521
vt 0.527832031 0.408935547
vn 0.000000000 0.023615459 0.999721110
v -0.097434998 -0.161285400 0.473846436
vt 0.548339844 0.362304688
vn 0.007901004 -0.450357229 0.892813444
v -0.005156994 -0.161392212 0.441925049
vt 0.584960938 0.383789062
vn 0.039339606 -0.999225974 0.000000000
v 0.005098820 -0.161407471 0.445861816
vt 0.587646484 0.387939453
vn -0.054992106 -0.997713923 -0.039280076
v -0.155120850 -0.161361694 0.474334717
vt 0.535888672 0.334472656
vn 0.000000000 -0.999504328 0.031480450
v -0.033336639 -0.161300659 0.385986328
vt 0.600585938 0.367675781
vn 0.023614729 -0.999690175 0.007871577
v -0.028608322 -0.161712646 0.343292236
vt 0.620361328 0.364501953
vn 0.007873772 -0.999969006 0.000000000
v -0.022184372 -0.159545898 0.357330322
vt 0.617919922 0.368408203
vn 0.007873528 -0.999938011 0.007873528
v -0.189208984 -0.161376953 0.028619766
vt 0.724121094 0.262207031
vn 0.000000000 -1.000000000 0.000000000
v -0.024757385 -0.161376953 0.136276245
vt 0.723144531 0.348876953
vn 0.023614729 -0.999690175 -0.007871577
v -0.297302246 -0.161376953 0.456634521
vt 0.520263672 0.273437500
vn -0.007873528 -0.999938011 0.007873528
v -0.180206299 -0.141799927 0.474578857
vt 0.524169922 0.333496094
vn 0.015714940 -0.062859759 0.997898698
v -0.205764771 -0.149856567 0.475494385
vt 0.522949219 0.320312500
vn 0.039338388 -0.007867677 0.999195039
v -0.235382080 -0.161193848 0.476562500
vt 0.522705078 0.306884766
vn -0.023589164 -0.636907399 0.770579338
v -0.266113281 -0.156906128 0.474945068
vt 0.518066406 0.292480469
vn 0.007884532 -0.299612254 0.954028428
v -0.293945312 -0.154922485 0.478454590
vt 0.513427734 0.280517578
vn -0.498152196 -0.355823010 0.790717721
v -0.315093994 -0.153900146 0.435821533
vt 0.510498047 0.262695312
vn -0.912594080 -0.204546943 0.354023576
v -0.301483154 -0.124931335 0.473388672
vt 0.499755859 0.278320312
vn -0.897304058 0.023613265 0.440780938
v -0.334655762 -0.161285400 0.371093750
vt 0.500732422 0.235351562
vn -0.094735205 -0.994719684 0.039473001
v -0.320343018 -0.123062134 0.423370361
vt 0.492431641 0.256347656
vn -0.872233033 -0.196448877 0.447903454
v -0.329956055 -0.133331299 0.392913818
vt 0.493896484 0.244628906
vn -0.843042552 -0.283640474 0.456976324
v -0.354858398 -0.143402100 0.356597900
vt 0.489257812 0.225097656
vn -0.960987449 -0.094523355 0.259939224
v -0.339019775 -0.094589233 0.414916992
vt 0.476562500 0.248779297
vn -0.937472939 -0.031511698 0.346628696
v -0.343109131 -0.066169739 0.371704102
vt 0.460937500 0.229003906
vn -0.966528416 0.117869318 0.227880672
v -0.317169189 -0.013918877 0.447021484
vt 0.445556641 0.268798828
vn -0.956290245 0.094838701 0.276612848
v -0.341247559 -0.000198275 0.350738525
vt 0.426513672 0.231201172
vn -0.958996177 0.015721248 0.282982469
v -0.326019287 0.034965515 0.413848877
vt 0.419677734 0.262695312
vn -0.958818555 -0.070732512 0.275070876
v -0.331817627 0.041984558 0.389312744
vt 0.413818359 0.254150391
vn -0.958611250 -0.133576974 0.251439005
v -0.332122803 0.054901123 0.416168213
vt 0.408935547 0.265625000
vn -0.963021159 -0.142085075 0.228914857
v -0.346527100 0.113922119 0.375610352
vt 0.375488281 0.257324219
vn -0.968924582 0.039387178 0.244200498
v -0.326232910 0.101348877 0.449340820
vt 0.393066406 0.283203125
vn -0.925053000 -0.015812872 0.379508913
v -0.353698730 0.134140015 0.333770752
vt 0.354980469 0.251220703
vn -0.875047147 0.417815298 0.244382530
v 0.297485352 -0.160110474 0.472259521
vt 0.792724609 0.154296875
vn 0.635964453 -0.549598932 0.541747510
v 0.297821045 -0.034988403 0.481506348
vt 0.848632812 0.155029297
vn 0.149089560 0.015693637 0.988699138
v 0.270355225 -0.131454468 0.479461670
vt 0.806152344 0.169189453
vn -0.007869869 -0.031479478 0.999473393
v 0.307373047 -0.041103363 0.475128174
vt 0.848632812 0.147460938
vn 0.891284704 0.102537170 0.441698611
v 0.308563232 -0.037212372 0.462554932
vt 0.848632812 0.142089844
vn 0.947617769 -0.047380887 0.315872580
v 0.292572021 0.086242676 0.469696045
vt 0.888427734 0.146484375
vn 0.424683690 0.125832200 0.896554470
v 0.295135498 0.085693359 0.449584961
vt 0.889160156 0.136474609
vn 0.923869729 0.142133802 0.355334550
v 0.263275146 0.003621578 0.479339600
vt 0.860839844 0.177246094
vn -0.007867677 0.039338388 0.999195039
v 0.215377808 -0.010251045 0.475097656
vt 0.863281250 0.199462891
vn -0.055034574 0.000000000 0.998484433
v 0.222808838 0.040096283 0.478637695
vt 0.875732422 0.185302734
vn 0.007865000 0.047189999 0.998854995
v 0.147003174 -0.161331177 0.476043701
vt 0.788085938 0.221679688
vn -0.007865243 -0.943829119 0.330340177
v 0.322143555 -0.161300659 0.393920898
vt 0.758300781 0.135986328
vn 0.661089540 -0.724050462 0.196752846
v 0.190246582 -0.079696655 0.478851318
vt 0.828369141 0.210449219
vn 0.007873772 0.000000000 0.999969006
v 0.178665161 -0.077545166 0.480224609
vt 0.828613281 0.217041016
vn -0.094664432 0.055220921 0.993976593
v 0.158126831 0.005098343 0.468322754
vt 0.875976562 0.225097656
vn -0.212479889 -0.133783624 0.967963934
v 0.107177734 0.055870056 0.472137451
vt 0.902832031 0.223144531
vn -0.102093540 -0.102093540 0.989522040
v 0.134201050 -0.016649246 0.469787598
vt 0.863281250 0.234375000
vn -0.102172330 0.094312921 0.990285695
v 0.143325806 0.004117489 0.465789795
vt 0.874755859 0.232666016
vn 0.259553015 0.204496294 0.943829119
v 0.107048035 0.055320740 0.464721680
vt 0.898193359 0.233398438
vn -0.117756672 -0.196261108 0.973455131
v 0.146362305 -0.074844360 0.474578857
vt 0.826416016 0.233886719
vn -0.031464867 0.031464867 0.999009490
v 0.108787537 -0.024379730 0.469299316
vt 0.858642578 0.243896484
vn 0.376751721 -0.015697988 0.926181257
v 0.163619995 -0.071548462 0.473388672
vt 0.831542969 0.224853516
vn 0.039514888 0.150156587 0.987872243
v 0.146224976 -0.071662903 0.470916748
vt 0.828857422 0.233886719
vn -0.299584299 -0.173443556 0.938171864
v 0.073638916 -0.161117554 0.475494385
vt 0.782714844 0.259521484
vn -0.015718335 -0.353662580 0.935240984
v 0.142593384 0.004395008 0.477447510
vt 0.880371094 0.240722656
vn 0.597980440 0.188835934 0.778948188
v 0.073287964 0.056022644 0.468688965
vt 0.907470703 0.239501953
vn -0.070653997 0.031401780 0.997006476
v 0.107643127 -0.025026321 0.477966309
vt 0.855957031 0.248046875
vn 0.276397139 0.102661796 0.955544472
v 0.147460938 -0.071258545 0.476348877
vt 0.832031250 0.232421875
vn -0.094532155 -0.228452697 0.968954563
v 0.126815796 0.004992485 0.476898193
vt 0.875244141 0.245605469
vn -0.654009819 0.007879636 0.756445110
v 0.093299866 -0.026794434 0.476837158
vt 0.852539062 0.253417969
vn -0.557639360 -0.290600806 0.777553499
v 0.091438293 -0.025451660 0.468872070
vt 0.851562500 0.258300781
vn 0.078684077 0.204578593 0.975682557
v 0.089355469 0.034900665 0.473999023
vt 0.877685547 0.267089844
vn 0.165657595 0.015776914 0.986057103
v 0.096809387 -0.038089752 0.474060059
vt 0.841796875 0.256591797
vn 0.062906384 0.172992557 0.982912242
v 0.126922607 0.005173206 0.466918945
vt 0.870849609 0.250976562
vn -0.268049091 0.055186581 0.961823285
v 0.091033936 0.034858704 0.465057373
vt 0.873535156 0.262451172
vn -0.007883308 -0.244382530 0.969646811
v 0.092147827 -0.073554993 0.474792480
vt 0.827148438 0.261230469
vn 0.306687564 0.023591351 0.951517820
v 0.095222473 -0.075225830 0.474304199
vt 0.823486328 0.259277344
vn -0.015744127 0.015744127 0.999752104
v 0.078559875 -0.066802979 0.477233887
vt 0.833007812 0.267089844
vn -0.323316097 0.000000000 0.946291029
vt 0.880615234 0.285888672
v 0.077713013 -0.070755005 0.469787598
vt 0.828857422 0.270263672
vn -0.512112737 0.015757315 0.858773649
v 0.068489075 -0.074829102 0.473693848
vt 0.822021484 0.271240234
vn -0.007873040 0.125968635 0.992002964
v 0.049625397 -0.090713501 0.472442627
vt 0.808593750 0.278564453
vn -0.023603763 0.031471685 0.999225974
vt 0.784667969 0.306396484
vt 0.751220703 0.330566406
v 0.066436768 -0.019847870 0.466491699
vt 0.844238281 0.282714844
vn 0.000000000 0.031480450 0.999504328
v 0.021503448 0.041648865 0.467529297
vt 0.867675781 0.310546875
vn 0.039328650 -0.023597188 0.998947680
v -0.016798019 -0.001886606 0.469726562
vt 0.836669922 0.324218750
vn 0.023612533 0.015741689 0.999597251
v -0.029726028 -0.005615234 0.468841553
vt 0.832275391 0.331542969
vn 0.471288145 -0.062838420 0.879737854
v 0.005152225 -0.034656525 0.469024658
vt 0.822998047 0.309570312
vn 0.023579689 0.055019274 0.998206854
v 0.020442963 -0.075218201 0.473114014
vt 0.807373047 0.295654297
vn 0.023542631 0.078475438 0.996638060
v -0.004600048 -0.073432922 0.472930908
vt 0.800292969 0.305908203
vn -0.031456109 -0.039320134 0.998731434
vt 0.813964844 0.334228516
v -0.001186252 -0.071784973 0.476196289
vt 0.803955078 0.307861328
vn -0.039241344 -0.070634410 0.996730089
v -0.030326843 -0.005476475 0.476898193
vt 0.828125000 0.333984375
vn 0.204985097 0.047304254 0.977621257
v 0.020919800 0.042686462 0.471984863
vt 0.828857422 0.361083984
vn 0.402211189 -0.268140793 0.875400841
v 0.013010025 -0.070747375 0.471954346
vt 0.806884766 0.301025391
vn 0.330708683 0.204724431 0.921259940
vt 0.042968750 0.556396484
vt 0.032714844 0.564453125
vt 0.023925781 0.561523438
vt 0.296630859 0.739501953
v 0.254150391 0.142333984 0.467193604
vt 0.230224609 0.701171875
vn 0.063117474 0.197242111 0.978320897
vt 0.294433594 0.708740234
vt 0.231689453 0.730712891
v 0.214401245 0.135147095 0.469116211
vt 0.243408203 0.682373047
vn 0.039534647 0.229300961 0.972552359
v 0.109130859 0.137100220 0.474182129
vt 0.268554688 0.631835938
vn -0.015773971 0.110417791 0.993760109
vt 0.319091797 0.712646484
vt 0.312744141 0.641601562
v 0.233764648 0.160491943 0.449676514
vt 0.222167969 0.681396484
vn 0.007852380 0.973695159 0.227719024
v 0.090995789 0.156845093 0.459320068
vt 0.266845703 0.610351562
vn -0.007867921 0.967754304 0.251773477
v 0.271789551 0.157165527 0.446044922
vt 0.212890625 0.704101562
vn 0.054973446 0.997375369 0.047120094
v 0.281188965 0.141937256 0.462493896
vt 0.219238281 0.710205078
vn 0.607619226 0.702313125 0.370884448
v 0.302154541 0.158538818 0.382141113
vt 0.191406250 0.729248047
vn 0.133375376 0.988546968 0.070610493
v 0.286346436 0.137832642 0.464813232
vt 0.220947266 0.712402344
vn 0.387112945 0.197506607 0.900630116
v 0.287994385 0.136566162 0.453796387
vt 0.217285156 0.716064453
vn 0.884636402 0.292245954 0.363332808
vt 0.227783203 0.737304688
v 0.306884766 0.119384766 0.419006348
vt 0.213867188 0.737304688
vn 0.889047563 0.149485871 0.432722270
v 0.145309448 0.158004761 0.329315186
vt 0.191406250 0.605224609
vn 0.000000000 0.999876022 -0.015746079
v 0.119682312 0.157897949 0.360809326
vt 0.211914062 0.598876953
vn -0.448360473 0.888854980 -0.094391681
v 0.093528748 0.157104492 0.436096191
vt 0.254882812 0.604003906
vn -0.102008641 0.988699138 -0.109855458
v 0.090660095 0.147048950 0.431213379
vt 0.259033203 0.595458984
vn -0.431654811 0.808371723 -0.400261730
v 0.101425171 0.158126831 0.346405029
vt 0.204833984 0.580810547
vn 0.062978461 0.991910815 0.110212311
v 0.119537354 0.146453857 0.360717773
vt 0.213867188 0.593261719
vn -0.653847396 0.756257236 0.023633039
v 0.098419189 0.146026611 0.393432617
vt 0.231933594 0.590332031
vn 0.393213511 0.888662577 0.235928118
v 0.037014008 0.158493042 0.353332520
vt 0.211669922 0.551025391
vn -0.047120094 0.997375369 0.054973446
v 0.025590897 0.157379150 0.318084717
vt 0.196044922 0.542236328
vn -0.007871577 0.999690175 -0.023614729
v 0.014438629 0.157867432 0.356567383
vt 0.208740234 0.539550781
vn 0.015733894 0.999102235 0.039334733
v -0.053943634 0.158554077 0.314819336
vt 0.196533203 0.501220703
vn 0.007873528 0.999938011 -0.007873528
v 0.043342590 0.158096313 0.370239258
vt 0.219726562 0.554931641
vn -0.133704990 0.990989983 0.007865000
v 0.088302612 0.157516479 0.394348145
vt 0.235351562 0.572998047
vn 0.228651434 0.961912990 0.149806127
v 0.104171753 0.145935059 0.354675293
vt 0.211181641 0.584228516
vn 0.654009819 0.701287687 0.283666909
v 0.103263855 0.158187866 0.375274658
vt 0.225830078 0.584716797
vn 0.283394277 0.944647670 -0.165313333
v 0.089096069 0.146469116 0.379760742
vt 0.224365234 0.580566406
vn -0.583745837 0.686295748 -0.433865130
vt 0.884033203 0.994873047
v 0.010031700 0.055004120 0.469177246
vt 0.851562500 0.984375000
vn -0.023597188 0.039328650 0.998947680
vt 0.885742188 0.987792969
vt 0.934082031 0.334228516
v -0.053852081 0.142150879 0.471405029
vt 0.872314453 0.349365234
vn 0.007867676 0.180956557 0.983459592
v -0.178863525 0.141510010 0.472229004
vt 0.909667969 0.285888672
vn -0.015776914 0.165657595 0.986057103
vt 0.953369141 0.274414062
vt 0.938964844 0.262451172
vt 0.920410156 0.232910156
v -0.134948730 0.158477783 0.457946777
vt 0.888183594 0.298583984
vn 0.015789693 0.931591868 0.363162935
v -0.189346313 0.159072876 0.453521729
vt 0.888916016 0.271484375
vn -0.023712637 0.995930731 0.086946338
v -0.011072159 0.161499023 0.455566406
vt 0.853027344 0.351562500
vn 0.007902978 0.956260383 0.292410195
v -0.044330597 0.084556580 0.469329834
vt 0.895996094 0.373291016
vn 0.031471685 -0.023603763 0.999225974
v 0.027767181 0.056312561 0.468597412
vt 0.842041016 0.388916016
vn 0.000000000 -0.039339606 0.999225974
v -0.043567657 0.119148254 0.473266602
vt 0.874755859 0.363037109
vn 0.000000000 -0.023615459 0.999721110
vt 0.897705078 0.408691406
v -0.082511902 0.053085327 0.471374512
vt 0.925537109 0.364013672
vn 0.031479478 0.007869869 0.999473393
vt 0.950927734 0.388183594
vt 0.944580078 0.394042969
v -0.032238007 0.014442444 0.469970703
vt 0.928222656 0.398925781
vn -0.047098316 0.062797755 0.996914387
vt 0.940917969 0.400146484
v -0.063285828 0.055805206 0.471313477
vt 0.916748047 0.372802734
vn 0.086873099 0.047385328 0.995091856
v -0.077919006 0.052482605 0.476745605
vt 0.925048828 0.368408203
vn 0.007872796 0.015745591 0.999845028
v -0.040561676 0.006926060 0.467956543
vt 0.932861328 0.395751953
vn 0.322584748 0.220301792 0.920546770
vt 0.880859375 0.999511719
vt 0.834960938 0.999511719
vt 0.848632812 0.995605469
vt 0.829101562 0.965332031
vt 0.865478516 0.931884766
vt 0.873046875 0.939208984
vt 0.867187500 0.930175781
vt 0.855468750 0.887451172
vt 0.874267578 0.931884766
vt 0.923095703 0.963623047
vt 0.875488281 0.917236328
vt 0.063232422 0.929443359
vt 0.054931641 0.917480469
vt 0.113037109 0.917480469
vt 0.050781250 0.922363281
vt 0.023925781 0.964111328
vt 0.023925781 0.874755859
vt 0.419677734 0.932861328
vt 0.365722656 0.960205078
vt 0.390136719 0.877685547
vt 0.412353516 0.955566406
vt 0.168457031 0.750976562
vt 0.097656250 0.781982422
vt 0.125732422 0.742675781
v 0.072738647 -0.161361694 0.408599854
vt 0.155517578 0.722167969
vn -0.015741689 -0.999597251 -0.023612533
v 0.077232361 -0.161361694 0.452484131
vt 0.167968750 0.740234375
vn -0.047139000 -0.997775495 -0.047139000
vt 0.198730469 0.748291016
v 0.097358704 -0.160903931 0.411041260
vt 0.177001953 0.721679688
vn -0.102549933 -0.993945599 -0.039442286
v 0.094245911 -0.153610229 0.409423828
vt 0.173828125 0.719238281
vn -0.378893554 -0.915659428 -0.134191468
v 0.108924866 -0.161376953 0.365539551
vt 0.173095703 0.698974609
vn -0.007873772 -0.999969006 0.000000000
v 0.074195862 -0.153121948 0.450500488
vt 0.166503906 0.729248047
vn 0.434514552 -0.900630116 0.007900264
v 0.080825806 -0.160079956 0.413940430
vt 0.159423828 0.721923828
vn 0.583618701 -0.796560645 0.157734782
v 0.102096558 -0.153244019 0.361785889
vt 0.167968750 0.704589844
vn 0.291104078 -0.936253607 0.196691930
v 0.096481323 -0.161376953 0.368865967
vt 0.163085938 0.701416016
vn -0.039334733 -0.999102235 0.015733894
v 0.060997009 -0.161376953 0.215774536
vt 0.151123047 0.631835938
vn -0.023615459 -0.999721110 0.000000000
v 0.035717010 -0.157501221 0.360961914
vt 0.135009766 0.706054688
vn -0.141351551 -0.989460945 -0.031411458
v 0.002314091 -0.153259277 0.444335938
vt 0.122558594 0.735351562
vn -0.282216251 -0.940720856 -0.188144162
vt 0.119628906 0.739013672
v 0.007538319 -0.154586792 0.407958984
vt 0.118896484 0.723144531
vn 0.219710916 -0.973005533 0.070621364
v 0.006301403 -0.161270142 0.411376953
vt 0.117187500 0.725341797
vn 0.220609263 -0.969105005 -0.110304631
vt 0.101074219 0.717773438
v 0.027091980 -0.161437988 0.347259521
vt 0.130371094 0.696533203
vn 0.062859759 -0.997898698 0.015714940
v 0.024806976 -0.153671265 0.355346680
vt 0.130615234 0.703613281
vn 0.181271017 -0.969405890 0.165508315
vt 0.107910156 0.703613281
vt 0.106933594 0.697998047
v 0.044506073 -0.155334473 0.323608398
vt 0.138916016 0.679931641
vn 0.007873528 -0.999938011 -0.007873528
vt 0.103515625 0.595703125
v 0.024198532 -0.157257080 0.175796509
vt 0.129638672 0.614501953
vn -0.023608876 -0.999442399 0.023608876
v 0.063827515 -0.161453247 0.064369202
vt 0.138427734 0.563964844
vt 0.268554688 0.006835938
vt 0.251220703 0.018066406
vt 0.183593750 0.002929688
v 0.013483047 0.157226562 0.459014893
vt 0.213623047 0.022460938
vn 0.055253595 0.978778005 0.197334260
vt 0.255859375 0.028808594
vt 0.197021484 0.020507812
v 0.012863159 0.157363892 0.410736084
vt 0.192626953 0.043212891
vn 0.305988252 0.941502333 -0.141225338
v -0.017869949 0.157943726 0.433227539
vt 0.188232422 0.025390625
vn -0.212479889 0.842049897 -0.495786399
v 0.029973984 0.147186279 0.434051514
vt 0.207763672 0.042236328
vn -0.157475427 0.952726424 -0.259834468
vt 0.024902344 0.799316406
vt 0.024902344 0.709472656
vt 0.036132812 0.731689453
vt 0.048828125 0.186279297
v -0.042068481 0.157684326 0.434722900
vt 0.057373047 0.170166016
vn 0.235898912 0.967185497 -0.094359562
vt 0.109130859 0.184814453
vt 0.045166016 0.177734375
v -0.080177307 0.159393311 0.428222656
vt 0.080566406 0.163574219
vn -0.235898912 0.967185497 -0.094359562
v -0.018148422 0.146453857 0.433044434
vt 0.041748047 0.173339844
vn -0.354100287 0.582298219 -0.731807232
v -0.042060852 0.146347046 0.433288574
vt 0.049316406 0.166259766
vn 0.730925143 0.660190463 -0.172907040
v -0.037361145 0.157943726 0.352630615
vt 0.052490234 0.121826172
vn 0.125910103 0.991542101 0.031477526
v -0.082580566 0.157897949 0.352600098
vt 0.080078125 0.114013672
vn 0.070669241 0.997221589 0.023556415
v -0.037223816 0.146347046 0.353515625
vt 0.044433594 0.126464844
vn 0.775024414 0.624764621 0.094900951
vt 0.060302734 0.098388672
v -0.033359528 0.146438599 0.428588867
vt 0.044921875 0.166259766
vn -0.456976324 0.843042552 0.283640474
v -0.024412155 0.157669067 0.352447510
vt 0.046142578 0.116210938
vn -0.260741264 0.948150098 0.181728765
vt 0.035400391 0.094726562
v -0.026485443 0.146148682 0.354187012
vt 0.035888672 0.119140625
vn -0.236359730 0.969074905 0.070907913
v -0.028009415 0.158584595 0.364257812
vt 0.032958984 0.131591797
vn -0.738328695 0.651928544 -0.172800347
v -0.015647888 0.158721924 0.399353027
vt 0.020996094 0.143554688
vn 0.584930003 0.790445924 -0.181802571
v -0.032901764 0.158370972 0.427276611
vt 0.034179688 0.163818359
vn -0.307162821 0.929364443 0.204775214
v -0.000049513 0.157974243 0.408996582
vt 0.022705078 0.180664062
vn 0.676389992 0.637064993 0.369655013
v -0.277648926 0.158355713 0.444244385
vt 0.954345703 0.170654297
vn -0.054973446 0.997375369 0.047120094
vt 0.969970703 0.169189453
vt 0.970458984 0.223388672
v -0.222076416 0.157226562 0.342315674
vt 0.903808594 0.203125000
vn -0.062836483 0.997529209 -0.031418242
v -0.169372559 0.161026001 0.420928955
vt 0.947998047 0.238281250
vn -0.023612533 0.999597251 0.015741689
v -0.193572998 0.160003662 0.368896484
vt 0.919189453 0.225341797
vn 0.007871577 0.999690175 -0.023614729
v -0.283843994 0.154907227 0.432556152
vt 0.949707031 0.158447266
vn -0.094809093 0.995495498 0.000000000
vt 0.963378906 0.158203125
v -0.238464355 0.153228760 0.323028564
vt 0.890380859 0.196533203
vn -0.078458525 0.996423304 -0.031383410
vt 0.968261719 0.148437500
v -0.307373047 0.153808594 0.420379639
vt 0.956787109 0.141113281
vn -0.487630010 0.857285023 0.165164992
vt 0.984375000 0.090820312
v -0.273071289 0.152786255 0.331359863
vt 0.890136719 0.177734375
vn 0.000000000 0.999969006 -0.007873772
v -0.290191650 0.153076172 0.318603516
vt 0.879882812 0.170654297
vn 0.000000000 0.998885930 -0.047191460
v -0.253662109 0.154067993 0.318054199
vt 0.884765625 0.189697266
vn 0.007856499 0.989918888 -0.141416982
v -0.259246826 0.149734497 0.311218262
vt 0.879150391 0.190917969
vn -0.078475438 0.996638060 -0.023542631
vt 0.368652344 0.053955078
vt 0.350097656 0.047119141
vt 0.363769531 0.030517578
v -0.130371094 0.159393311 0.407714844
vt 0.387451172 0.039794922
vn 0.173249826 0.984373987 -0.031499967
vt 0.384033203 0.083251953
v -0.112564087 0.157333374 0.389892578
vt 0.402099609 0.039062500
vn 0.094696842 0.986425459 0.134153858
vt 0.427490234 0.043701172
v -0.110549927 0.158401489 0.337463379
vt 0.423095703 0.062988281
vt 0.389892578 0.108154297
vt 0.453369141 0.044433594
v -0.175582886 0.159927368 0.304382324
vt 0.421630859 0.101318359
vn -0.031476554 0.999380589 -0.015738277
v -0.196945190 0.154281616 0.274169922
vt 0.429687500 0.119873047
vn -0.039338388 0.999195039 0.007867677
vt 0.394287109 0.120605469
v -0.179321289 0.157669067 0.281311035
vt 0.431640625 0.110107422
vn -0.015744127 0.999752104 -0.015744127
v -0.123970032 0.158096313 0.190032959
vt 0.489746094 0.123779297
vn -0.007873528 0.999938011 -0.007873528
v 0.031127930 0.155929565 0.197555542
vt 0.533203125 0.032226562
vn 0.007872796 0.999845028 0.015745591
v -0.098983765 0.160049438 0.179519653
vt 0.505126953 0.113769531
vn 0.007867677 0.999195039 0.039338388
v 0.015116692 0.158920288 0.148513794
vt 0.552978516 0.063232422
vn 0.015744127 0.999752104 0.015744127
v -0.045379639 0.158889771 0.134399414
vt 0.541503906 0.110351562
vn -0.015733894 0.999102235 -0.039334733
v -0.021371841 0.157730103 0.114181519
vt 0.556396484 0.103271484
vn -0.023597188 0.998947680 -0.039328650
vt 0.335449219 0.078125000
v 0.322204590 0.009221077 0.424835205
vt 0.308837891 0.092285156
vn 0.933024824 0.070564903 0.352824539
vt 0.271728516 0.067871094
vt 0.334716797 0.084472656
v 0.345031738 0.074455261 0.353332520
vt 0.270263672 0.104248047
vn 0.942430973 0.054975137 0.329850823
v 0.327819824 -0.077590942 0.408233643
vt 0.339355469 0.127929688
vn 0.957665682 -0.054948032 0.282589853
vt 0.395751953 0.130126953
v 0.330596924 -0.011512756 0.388549805
vt 0.302734375 0.114746094
vn 0.970763624 -0.039461937 0.236771613
vt 0.373291016 0.163085938
v 0.339538574 -0.052276611 0.352600098
vt 0.303466797 0.145507812
vn 0.943391621 -0.031446386 0.330187052
v 0.347778320 0.013230324 0.334899902
vt 0.270019531 0.132568359
vn 0.956929028 -0.007843681 0.290216178
v 0.346649170 0.060371399 0.324127197
vt 0.261474609 0.119140625
vn 0.963021159 -0.023680847 0.268382937
v 0.361236572 0.133270264 0.296936035
vt 0.242675781 0.102539062
vn 0.912509263 0.157329187 0.377590030
v 0.357208252 0.035751343 0.306121826
vt 0.258300781 0.137695312
vn 0.956170738 -0.015804475 0.292382807
v 0.347961426 -0.084602356 0.332061768
vt 0.295654297 0.168457031
vn 0.963171303 -0.015789693 0.268424779
v 0.360748291 -0.161331177 0.285888672
vt 0.326416016 0.213378906
vn 0.118121222 -0.992218256 0.039373741
vt 0.468750000 0.170898438
v 0.358459473 -0.029029846 0.286041260
vt 0.255615234 0.177734375
vn 0.975169480 -0.023592809 0.220199555
v 0.374542236 0.134109497 0.258666992
vt 0.233642578 0.116943359
vn 0.955932021 0.118503965 0.268608987
v 0.401519775 -0.161361694 0.169219971
vt 0.311767578 0.266357422
vn 0.953791320 -0.023647718 0.299537748
v 0.404693604 -0.161361694 0.146926880
vt 0.311035156 0.276367188
vn 0.157749504 -0.985934377 0.055212326
v 0.383880615 -0.105834961 0.214263916
vt 0.288330078 0.238037109
vn 0.937909722 0.126105517 0.323145360
v 0.408203125 -0.107887268 0.144851685
vt 0.283203125 0.273681641
vn 0.903692722 0.314327896 0.290753305
v 0.364898682 -0.083358765 0.257446289
vt 0.280029297 0.207275391
vn 0.967305183 0.125828311 0.220199555
v 0.373016357 -0.102973938 0.214752197
vt 0.280761719 0.234130859
vn 0.810395837 0.566490293 0.149490505
v 0.392791748 -0.101043701 0.150817871
vt 0.277099609 0.274902344
vn 0.947499633 -0.110541619 0.300041556
v 0.369476318 0.034210205 0.251800537
vt 0.225830078 0.191162109
vn 0.984954417 -0.118194535 0.126074165
v 0.373199463 0.105438232 0.247467041
vt 0.199462891 0.188720703
vn 0.958256423 -0.078545608 0.274909616
v 0.363769531 -0.047534943 0.274139404
vt 0.262207031 0.191406250
vn 0.988546968 -0.070610493 -0.133375376
v 0.357208252 -0.057735443 0.263641357
vt 0.265869141 0.199707031
vn 0.996638060 0.078475438 -0.023542631
v 0.360839844 0.006089211 0.247756958
vt 0.235351562 0.199951172
vn 0.892841458 0.000000000 0.450371355
v 0.368988037 0.047584534 0.222747803
vt 0.213378906 0.204345703
vn 0.902050972 0.141190574 0.407883912
v 0.362091064 -0.060497284 0.249176025
vt 0.264648438 0.207519531
vn 0.543492436 -0.267807871 0.795546889
v 0.375823975 0.032489777 0.239196777
vt 0.216552734 0.211425781
vn 0.638270319 0.299435467 0.709189236
v 0.377105713 -0.097572327 0.203643799
vt 0.276123047 0.239501953
vn 0.134053722 -0.883177519 0.449474245
v 0.369781494 -0.055030823 0.261627197
vt 0.258056641 0.211425781
vn 0.779213607 -0.078708448 0.621796727
v 0.395996094 -0.098220825 0.179122925
vt 0.268066406 0.265380859
vn 0.942925513 -0.110007972 0.314308494
v 0.413421631 -0.090919495 0.124671936
vt 0.274902344 0.289306641
vn 0.946261644 -0.228679880 0.228679880
v 0.380737305 -0.091567993 0.226623535
vt 0.267089844 0.235839844
vn 0.917569458 -0.149007007 0.368596286
v 0.419372559 -0.005738735 0.111267090
vt 0.228759766 0.297363281
vn 0.975622118 0.055075441 0.212433845
v 0.388793945 -0.033168793 0.200439453
vt 0.236328125 0.245849609
vn 0.951782703 0.000000000 0.306772918
v 0.383300781 -0.018587112 0.217971802
vt 0.232177734 0.233154297
vn 0.955008507 0.126282111 0.268349469
v 0.392303467 -0.014056206 0.190292358
vt 0.222167969 0.253173828
vn 0.937822223 0.015761718 0.346757829
v 0.403106689 -0.031436920 0.157775879
vt 0.234375000 0.272705078
vn 0.943858385 0.000000000 0.330350399
v 0.399597168 0.010771751 0.167953491
vt 0.210937500 0.264404297
vn 0.948683381 0.000000000 0.316227764
v 0.403045654 -0.001052618 0.157638550
vt 0.218017578 0.269287109
vn 0.999690175 -0.007871577 0.023614729
v 0.391510010 0.036186218 0.191360474
vt 0.202148438 0.247802734
vn 0.912057996 0.031450275 0.408853561
v 0.407470703 -0.018154144 0.145584106
vt 0.228759766 0.280517578
vn 0.926695228 0.164920330 0.337694019
v 0.409423828 0.000018800 0.139785767
vt 0.220703125 0.289062500
vn 0.747082591 -0.125824437 0.652714252
v 0.397186279 -0.018629074 0.139648438
vt 0.222167969 0.280517578
vn 0.850314617 0.409410745 0.330677897
v 0.395996094 0.007408619 0.143142700
vt 0.210205078 0.277832031
vn 0.806214333 -0.532257974 0.258301675
v 0.385345459 0.000603199 0.209793091
vt 0.221191406 0.236816406
vn 0.931446731 -0.236808509 0.276276588
v 0.382324219 -0.007776737 0.184951782
vt 0.224853516 0.240722656
vn 0.719126105 0.205464587 0.663808644
v 0.375000000 -0.008320808 0.207168579
vt 0.225830078 0.236816406
vn 0.988366246 -0.134417802 -0.071162365
v 0.379425049 0.002946854 0.229461670
vt 0.224853516 0.223632812
vn 0.938026190 0.102473453 0.331068069
v 0.374420166 0.011230469 0.210830688
vt 0.214355469 0.228027344
vn 0.834335327 0.401425481 0.377812237
v 0.379150391 0.020196915 0.228683472
vt 0.215576172 0.218750000
vn 0.973005533 -0.133395910 -0.188323647
v 0.374206543 0.043434143 0.212112427
vt 0.202880859 0.222900391
vn 0.904922903 -0.424920321 -0.023606684
v 0.386627197 0.050392151 0.206298828
vt 0.203369141 0.219482422
vn 0.947588265 -0.244793639 0.205310777
vt 0.689208984 0.864257812
vt 0.698242188 0.852539062
v 0.035034180 0.157302856 0.431518555
vt 0.700195312 0.868652344
vn -0.614955366 0.772636235 -0.157680869
v 0.059886932 0.157348633 0.414550781
vt 0.715332031 0.874023438
vn 0.110417791 0.993760109 0.015773971
vt 0.747558594 0.872558594
vt 0.748291016 0.876953125
v 0.068321228 0.151397705 0.415008545
vt 0.725830078 0.877685547
vn 0.299388975 0.953317583 0.039393287
vt 0.748535156 0.897705078
vt 0.736083984 0.892822266
vt 0.701904297 0.909423828
v 0.043720245 0.146453857 0.366210938
vt 0.696044922 0.907470703
vn -0.703123569 0.711023808 -0.007900264
vt 0.692626953 0.927978516
v 0.030712128 0.146163940 0.354187012
vt 0.689208984 0.916503906
vn 0.496417105 0.795843244 0.346704006
v 0.025039673 0.146469116 0.416931152
vt 0.687744141 0.876220703
vn 0.618813753 0.775475442 0.125329375
v 0.018144608 0.145828247 0.416564941
vt 0.678955078 0.878662109
vn -0.260448784 0.962871253 -0.071031481
vt 0.674316406 0.915039062
v 0.033752441 0.157318115 0.363372803
vt 0.684814453 0.905517578
vn 0.907483220 0.418231398 0.039455794
v 0.023061752 0.157089233 0.414459229
vt 0.683349609 0.880615234
vn -0.133775353 0.975773156 0.173121050
v 0.023048401 0.155807495 0.362396240
vt 0.681396484 0.907714844
vn -0.699985027 0.699985027 -0.141569987
vt 0.668701172 0.876464844
v 0.018377304 0.146423340 0.357208252
vt 0.677490234 0.911132812
vn 0.636592627 0.770198464 0.039295841
vt 0.654052734 0.853759766
vt 0.659423828 0.852050781
v 0.007270813 0.146118164 0.406250000
vt 0.658935547 0.870849609
vn -0.212796420 0.953643203 0.212796420
vt 0.641601562 0.849853516
vt 0.649414062 0.866455078
v -0.003419638 0.158172607 0.399169922
vt 0.660400391 0.884277344
vn -0.543492436 0.834930480 0.086643726
v -0.023427963 0.146316528 0.407073975
vt 0.648681641 0.881347656
vn 0.425566405 0.307353526 -0.851132810
vt 0.641601562 0.882080078
vt 0.633056641 0.869140625
v -0.014180183 0.146453857 0.397857666
vt 0.651367188 0.888427734
vn 0.497763246 0.861209452 0.102713048
vt 0.635742188 0.922119141
v -0.005023003 0.146072388 0.394378662
vt 0.655761719 0.890380859
vn -0.762174606 0.644312561 0.062859759
vt 0.638916016 0.926269531
v -0.007878304 0.158218384 0.388824463
vt 0.653076172 0.906738281
vn 0.291972876 0.860136271 0.418231398
v 0.009697914 0.146163940 0.352416992
vt 0.660888672 0.903564453
vn 0.752122879 0.411688298 0.514610410
v -0.100395203 0.147247314 0.428253174
vt 0.041748047 0.306640625
vn 0.141780630 0.984587789 -0.102397121
vt 0.048583984 0.289062500
v -0.085655212 0.145889282 0.426208496
vt 0.050537109 0.296875000
vn 0.521043599 0.852616847 0.039473001
vt 0.005126953 0.291503906
v -0.089134216 0.159591675 0.420806885
vt 0.054687500 0.306884766
vn 0.031499967 0.984373987 0.173249826
vt 0.015136719 0.323974609
v -0.094810486 0.146118164 0.388366699
vt 0.050048828 0.335449219
vn -0.456508964 0.889405429 -0.023612533
v -0.129714966 0.145980835 0.405761719
vt 0.026123047 0.326416016
vn 0.189117134 0.969225287 0.157597601
vt 0.029541016 0.343505859
v -0.116355896 0.160217285 0.411651611
vt 0.037109375 0.323730469
vn -0.426467955 0.900321186 -0.086873099
v -0.099273682 0.159118652 0.391662598
vt 0.043945312 0.325683594
vn 0.591211319 0.804047346 0.063062541
vt 0.747070312 0.067382812
vt 0.674072266 0.042724609
vt 0.674560547 0.022216797
v 0.180023193 0.157897949 0.297485352
vt 0.760009766 0.037841797
vn 0.000000000 1.000000000 0.000000000
vt 0.696533203 0.000000000
vt 0.790283203 0.109619141
v 0.085281372 0.157608032 0.267242432
vt 0.803710938 0.071289062
vn -0.031464864 0.999009371 -0.031464864
v 0.163223267 0.156982422 0.190933228
vt 0.813232422 0.020751953
vn -0.023614729 0.999690175 0.007871577
v 0.130798340 0.154296875 0.199554443
vt 0.822509766 0.034912109
vn 0.000000000 0.999969006 0.007873772
v 0.062751770 0.154617310 0.278320312
vt 0.805664062 0.081054688
vt 0.813964844 0.143310547
v 0.051494598 0.157043457 0.220016479
vt 0.835937500 0.074707031
vn 0.023612533 0.999597251 0.015741689
vt 0.873046875 0.067626953
vt 0.851318359 0.077636719
vt 0.964843750 0.965332031
vt 0.959960938 0.942626953
v -0.093139648 0.158843994 0.385681152
vt 0.974853516 0.962402344
vn -0.338740230 0.921688557 0.189064324
vt 0.967285156 0.979980469
vt 0.996093750 0.968505859
vt 0.963867188 0.935791016
v -0.075363159 0.146041870 0.352416992
vt 0.989501953 0.951416016
vn -0.928759634 0.369929701 0.023612533
vt 0.997314453 0.914062500
vt 0.940917969 0.495117188
vt 0.905273438 0.481201172
vt 0.898925781 0.460205078
vt 0.980224609 0.367431641
vt 0.000000000 0.223632812
v -0.346221924 0.071182251 0.362152100
vt 0.017089844 0.234130859
vn -0.960868239 -0.070883721 0.267782927
vt 0.008544922 0.253173828
vt 0.033447266 0.261962891
vt 0.011962891 0.201904297
v -0.359954834 0.108070374 0.308380127
vt 0.030273438 0.205078125
vn -0.972975552 -0.039232884 0.227550730
v -0.358612061 0.058021545 0.311187744
vt 0.044921875 0.228027344
vn -0.975682557 -0.078684077 0.204578593
v -0.363861084 0.102745056 0.279968262
vt 0.044677734 0.200683594
vn -0.963621795 -0.086883932 0.252753258
v -0.372375488 0.138717651 0.271423340
vt 0.040771484 0.184814453
vn -0.928989828 0.228311062 0.291293442
v -0.361663818 0.062545776 0.284637451
vt 0.054687500 0.218994141
vn -0.976983905 -0.015757805 0.212730363
v -0.364105225 0.054405212 0.296081543
vt 0.052978516 0.225830078
vn -0.819227874 0.157543823 0.551403344
v -0.356567383 0.056213379 0.293792725
vt 0.053466797 0.227783203
vn -0.801066279 -0.369118780 0.471215487
v -0.355407715 0.056102753 0.298583984
vt 0.051025391 0.229248047
vn -0.893987060 -0.031367969 0.446993530
v -0.356811523 0.054439545 0.292602539
vt 0.054443359 0.227539062
vn 0.196454927 -0.432200879 -0.880118132
v -0.367065430 0.039623260 0.295623779
vt 0.060546875 0.225830078
vn -0.937211275 -0.039378624 0.346531928
vt 0.061035156 0.220214844
vt 0.061279297 0.219482422
v -0.360229492 0.030754089 0.286071777
vt 0.067871094 0.225830078
vn -0.919607878 0.369415134 -0.133618236
vt 0.629150391 0.883300781
v 0.351470947 0.158172607 0.288299561
vt 0.576171875 0.941650391
vn 0.744897604 0.580236077 0.329323143
vt 0.628173828 0.876708984
vt 0.594482422 0.895019531
vt 0.591064453 0.948486328
vt 0.631591797 0.902343750
vt 0.630615234 0.950439453
v 0.343231201 0.161590576 0.287628174
vt 0.573486328 0.941162109
v 0.275878906 0.156814575 0.353332520
vt 0.574951172 0.895996094
vn -0.023608876 0.999442399 0.023608876
vt 0.527587891 0.881103516
v 0.209381104 0.158721924 0.297027588
vt 0.539062500 0.894531250
vn -0.007873772 0.999969006 0.000000000
v 0.350433350 0.156478882 0.259979248
vt 0.564453125 0.948974609
vn 0.015693637 0.988699138 -0.149089560
v 0.362274170 0.157485962 0.251708984
vt 0.566406250 0.956298828
vn 0.173632517 0.970763624 0.165740132
v 0.271545410 0.157806396 0.228240967
vt 0.527587891 0.935546875
vn 0.102311477 0.991634309 -0.078701138
v 0.349975586 0.145996094 0.256347656
vt 0.561523438 0.952148438
vn 0.110417791 0.804472446 -0.583636940
v 0.272399902 0.146301270 0.228637695
vt 0.525390625 0.943359375
vn 0.164864406 0.957783759 -0.235520601
vt 0.646240234 0.752441406
v -0.354980469 0.150802612 0.268524170
vt 0.579589844 0.754882812
vn -0.219710916 0.973005533 0.070621364
vt 0.607421875 0.747314453
vt 0.576171875 0.745361328
vt 0.596435547 0.738037109
v -0.383758545 0.139572144 0.242050171
vt 0.563232422 0.742919922
vn -0.920546770 0.220301792 0.322584748
vt 0.581298828 0.735107422
v -0.386810303 0.157196045 0.154739380
vt 0.527832031 0.774169922
vn -0.307458550 0.946026325 0.102486178
v -0.430541992 0.138488770 0.087860107
vt 0.493896484 0.762207031
vn -0.943712413 0.157285392 0.290977985
v -0.415832520 0.155822754 0.069648743
vt 0.488281250 0.774902344
vn -0.354726791 0.930172443 0.094593808
v -0.438903809 0.139236450 0.057804108
vt 0.478759766 0.767578125
vn -0.917259216 0.070558399 0.391991109
v -0.446044922 0.082992554 0.021417618
vt 0.455322266 0.754638672
vn -0.924100280 -0.118474402 0.363321483
v -0.421081543 0.061862946 0.088989258
vt 0.484863281 0.728759766
vn -0.954830170 -0.055238109 0.291972876
v -0.402435303 0.104270935 0.163452148
vt 0.523193359 0.733398438
vn -0.961823285 -0.055186581 0.268049091
v -0.396057129 0.090469360 0.194534302
vt 0.534912109 0.728027344
vn -0.969676971 0.000000000 0.244390130
vt 0.424316406 0.951416016
vt 0.515869141 0.943603516
vt 0.527587891 0.953369141
vt 0.922119141 0.513916016
vt 0.955810547 0.527832031
v -0.357269287 -0.075607300 0.321563721
vt 0.946044922 0.555175781
vn -0.981547534 0.062819041 0.180604741
vt 0.983154297 0.554687500
vt 0.911865234 0.501220703
v -0.364532471 -0.161178589 0.277618408
vt 0.900390625 0.540283203
vn -0.378598809 -0.922834575 0.070987269
v -0.354980469 0.024955750 0.315032959
vt 0.977050781 0.581054688
vn -0.998453617 0.007861840 0.055032875
vt 0.984375000 0.595458984
v -0.360595703 -0.071319580 0.295715332
vt 0.925048828 0.566894531
vn -0.970763624 0.039461937 0.236771613
v -0.372406006 -0.108139038 0.237197876
vt 0.886230469 0.578613281
vn -0.968924582 -0.039387178 0.244200498
v -0.350616455 -0.072967529 0.312774658
vt 0.947509766 0.565673828
vn -0.997744679 0.062850058 -0.023568772
v -0.350433350 0.055931091 0.312347412
vt 0.979736328 0.593994141
vn -0.998607934 -0.047178328 0.023589164
vt 0.975097656 0.604003906
v -0.354736328 -0.013471603 0.303649902
vt 0.952880859 0.585205078
vn -0.931591868 0.015789693 0.363162935
v -0.357666016 0.021907806 0.292999268
vt 0.959472656 0.599853516
vn -0.827670157 -0.102473438 0.551780045
vt 0.966308594 0.609619141
vt 0.973876953 0.606933594
v -0.357269287 -0.028957367 0.292663574
vt 0.939453125 0.582763672
vn -0.802975357 0.125956923 0.582550824
v -0.370605469 -0.004873276 0.268402100
vt 0.938720703 0.599853516
vn -0.808396518 0.000000000 0.588638246
v -0.365539551 -0.032836914 0.298858643
vt 0.933593750 0.582519531
vn -0.638092041 0.259963423 0.724746525
v -0.376800537 -0.004324913 0.254943848
vt 0.932128906 0.604492188
vn -0.995371222 0.094797261 0.015799543
vt 0.958740234 0.615234375
v -0.366516113 -0.053459167 0.296936035
vt 0.924316406 0.576660156
vn -0.888662577 -0.393213511 -0.235928118
v -0.359741211 -0.046653748 0.289276123
vt 0.920166016 0.579589844
vn -0.986149251 -0.071002737 0.149894685
v -0.368072510 -0.015391350 0.261962891
vt 0.923828125 0.594238281
vn -0.953110516 -0.236308396 0.189046711
v -0.369079590 -0.071601868 0.260772705
vt 0.903808594 0.586669922
vn -0.893734515 -0.071182393 0.442912698
v -0.378173828 -0.071212769 0.240554810
vt 0.898925781 0.595214844
vn -0.928759634 -0.023612533 0.369929701
v -0.373138428 -0.069099426 0.252777100
vt 0.903808594 0.591796875
vn -0.969195187 0.031518541 0.244268700
v -0.367950439 0.009139061 0.259338379
vt 0.938476562 0.614746094
vn -0.981305599 0.039252222 0.188410670
v -0.376281738 0.025377274 0.235229492
vt 0.931152344 0.629394531
vn -0.915431321 0.000000000 0.402474105
v -0.385192871 -0.072799683 0.219314575
vt 0.886718750 0.600341797
vn -0.964223564 -0.047420830 0.260814548
v -0.382690430 0.020246506 0.222457886
vt 0.927490234 0.639892578
vn -0.956021488 -0.023703013 0.292337149
v -0.373626709 0.017997742 0.250823975
vt 0.936523438 0.622802734
vn -0.963021159 0.023680847 0.268382937
v -0.390197754 0.054592133 0.202804565
vt 0.931152344 0.651855469
vn -0.928817153 -0.078713320 0.362081289
v -0.385375977 -0.001445174 0.207519531
vt 0.915283203 0.639892578
vn -0.971520305 0.000000000 0.236956179
v -0.386901855 0.056674957 0.227615356
vt 0.938964844 0.645263672
vn -0.916001976 -0.071069114 0.394828439
vt 0.936523438 0.664550781
vt 0.960205078 0.677490234
v -0.369842529 0.058303833 0.247985840
vt 0.947265625 0.640380859
vn -0.898390055 -0.070925526 0.433433801
vt 0.968994141 0.648437500
v -0.368011475 0.057449341 0.261627197
vt 0.951904297 0.634521484
vn -0.963261306 0.007895584 0.268449843
vt 0.963134766 0.629882812
vt 0.965087891 0.626220703
vt 0.966552734 0.626220703
vt 0.967773438 0.623046875
vt 0.968017578 0.620117188
vt 0.267822266 0.060546875
vt 0.233154297 0.033691406
vt 0.323730469 0.051025391
v -0.290618896 0.152267456 0.283386230
vt 0.248779297 0.062988281
vn 0.039309196 0.998453617 0.039309196
v -0.247650146 0.153137207 0.256439209
vt 0.229248047 0.081298828
vn -0.039280076 0.997713923 0.054992106
v -0.343017578 0.151962280 0.255310059
vt 0.225097656 0.044677734
vn -0.039241344 0.996730089 -0.070634410
v -0.346405029 0.151855469 0.241577148
vt 0.219726562 0.042480469
vn 0.086873099 0.995091856 0.047385328
v -0.312316895 0.149063110 0.228302002
vt 0.203857422 0.052001953
vn 0.071137905 0.995930731 0.055329487
v -0.265655518 0.154724121 0.224655151
vt 0.209716797 0.074951172
vn -0.039334733 0.999102235 0.015733894
v -0.266448975 0.146026611 0.227020264
vt 0.208251953 0.066650391
vn -0.118154198 0.992495239 0.031507786
v -0.306030273 0.157348633 0.221298218
vt 0.195312500 0.058105469
vn -0.023633039 0.976832271 0.212697342
v -0.282135010 0.158462524 0.179275513
vt 0.189453125 0.078125000
vn -0.007867677 0.999195039 -0.039338388
vt 0.254638672 0.083740234
v -0.353698730 0.157455444 0.182373047
vt 0.166992188 0.041992188
vn 0.047283687 0.985076845 -0.165492907
v -0.354766846 0.155151367 0.212432861
vt 0.177734375 0.037353516
vn -0.007880614 0.992957413 0.118209220
vt 0.145507812 0.036865234
v -0.282409668 0.146316528 0.179092407
vt 0.180175781 0.073242188
vn -0.094444290 0.566665709 -0.818517208
vt 0.257080078 0.086914062
v -0.348876953 0.145812988 0.177947998
vt 0.164794922 0.054443359
vn 0.235898912 0.967185497 0.094359562
v -0.319213867 0.150619507 0.142150879
vt 0.145996094 0.067382812
vn 0.196116120 0.980580688 0.000000000
v -0.282928467 0.146423340 0.166793823
vt 0.173583984 0.074707031
vn -0.086547136 0.684509099 0.723848760
v -0.292694092 0.158599854 0.150070190
vt 0.166992188 0.086914062
vn -0.110376604 0.993389487 0.031536173
v -0.320617676 0.158004761 0.159500122
vt 0.159912109 0.078125000
vn -0.172933742 0.974717438 0.141491234
v -0.322814941 0.146163940 0.164169312
vt 0.155761719 0.072021484
vn -0.267261267 0.801783741 -0.534522533
v -0.305511475 0.148071289 0.131393433
vt 0.140136719 0.071777344
vn -0.047379412 0.979174554 0.197414219
v -0.337585449 0.157806396 0.172485352
vt 0.163818359 0.062500000
vn -0.047425274 0.766708612 0.640241206
v -0.289764404 0.158386230 0.167251587
vt 0.167968750 0.071777344
vn 0.047318965 0.623033047 -0.780762911
v -0.284515381 0.145721436 0.316162109
vt 0.264160156 0.063964844
vn 0.047191460 0.998885930 0.000000000
v -0.272491455 0.152359009 0.311462402
vt 0.257324219 0.072753906
vn 0.118209220 0.992957413 0.007880614
v -0.285095215 0.146087646 0.281982422
vt 0.251708984 0.065185547
vn 0.102473438 0.993204117 -0.055178009
v -0.285675049 0.153060913 0.287017822
vt 0.254638672 0.066650391
vn -0.478243858 0.878087044 0.015680127
vt 0.868408203 0.395019531
vt 0.897705078 0.429687500
vt 0.876708984 0.610107422
vt 0.967285156 0.001708984
vt 0.967285156 0.081298828
vt 0.833251953 0.001220703
vt 0.942382812 0.153808594
vt 0.069091797 0.001464844
vt 0.052490234 0.024902344
vt 0.056640625 0.001708984
vt 0.080322266 0.026367188
v -0.241699219 0.159011841 0.218276978
vt 0.050537109 0.041748047
vn -0.015741689 0.999597251 0.023612533
vt 0.041503906 0.035644531
v -0.120674133 0.157913208 0.147659302
vt 0.084472656 0.090820312
v -0.233459473 0.156936646 0.101577759
vt 0.030761719 0.089111328
vn -0.007873528 0.999938011 0.007873528
vt 0.003173828 0.168701172
vt 0.003173828 0.117187500
vt 0.021484375 0.126708984
vt 0.023437500 0.113281250
vt 0.006835938 0.104492188
vt 0.026367188 0.109863281
vt 0.229248047 0.124755859
vt 0.200195312 0.150878906
vt 0.123535156 0.072998047
v -0.390747070 -0.161102295 0.169815063
vt 0.151367188 0.162109375
vn -0.181802571 -0.980152965 0.079044588
v -0.377929688 -0.122314453 0.215103149
vt 0.178466797 0.174804688
vt 0.189208984 0.177978516
v -0.418640137 -0.161300659 0.119529724
vt 0.127929688 0.168701172
vn -0.110308066 -0.992772579 0.047274884
v -0.445068359 -0.161331177 0.040390015
vt 0.093261719 0.161132812
vn -0.102578662 -0.994224012 0.031562667
v -0.423706055 -0.139175415 0.116577148
vt 0.118164062 0.183837891
vn -0.953939497 0.015767595 0.299584299
v -0.410034180 -0.137908936 0.164535522
vt 0.147949219 0.175292969
vn -0.920318842 -0.102257647 0.377566725
v -0.395568848 -0.108810425 0.196228027
vt 0.168457031 0.182128906
vn -0.819304168 -0.126046807 0.559332669
v -0.401000977 -0.072204590 0.174850464
vt 0.164306641 0.200683594
vn -0.898390055 0.070925526 0.433433801
vt 0.185546875 0.194580078
vt 0.192626953 0.190917969
v -0.390167236 -0.073158264 0.197784424
vt 0.176025391 0.196777344
vn -0.949348092 -0.015691703 0.313834071
vt 0.185791016 0.225830078
vt 0.194580078 0.229492188
v -0.389648438 -0.024841309 0.192291260
vt 0.177246094 0.218505859
vn -0.889405429 -0.023612533 0.456508964
vt 0.184082031 0.250732422
v -0.402313232 -0.065368652 0.170715332
vt 0.164550781 0.203125000
vn -0.896194220 0.055029470 0.440235764
v -0.402557373 0.006449223 0.176284790
vt 0.169433594 0.234863281
vn -0.949202120 -0.023533935 0.313785821
vt 0.180175781 0.267089844
v -0.404876709 -0.013492584 0.146041870
vt 0.158203125 0.227050781
vn -0.932930171 0.055343319 0.355778486
v -0.407165527 0.033447266 0.147277832
vt 0.154541016 0.249755859
vn -0.973695159 -0.007852380 0.227719024
vt 0.167724609 0.278564453
v -0.400390625 0.012732506 0.163940430
vt 0.161132812 0.239990234
vn -0.834361196 -0.015742663 0.550993204
v -0.418121338 -0.005751610 0.137603760
vt 0.152587891 0.229492188
vn -0.904922903 -0.023606684 0.424920321
v -0.420257568 0.057708740 0.106910706
vt 0.134277344 0.260742188
vn -0.981033564 0.070634410 0.180510178
vt 0.132324219 0.267822266
v -0.408905029 -0.068054199 0.159622192
vt 0.156494141 0.203613281
vn -0.988851368 -0.141264468 0.047088161
v -0.407226562 -0.073570251 0.155532837
vt 0.153320312 0.201171875
vn -0.961823285 0.055186581 0.268049091
v -0.411376953 -0.013816833 0.129455566
vt 0.144531250 0.224853516
vn -0.983459592 0.007867676 0.180956557
v -0.408477783 0.012539864 0.164703369
vt 0.157470703 0.240478516
vn -0.882108510 0.165395349 0.441054255
v -0.410583496 0.013435364 0.146865845
vt 0.151855469 0.238281250
vn -0.997990966 0.031432785 0.055007376
v -0.417877197 0.036167145 0.116592407
vt 0.141845703 0.247802734
vn -0.931591868 -0.015789693 0.363162935
v -0.415191650 -0.020406723 0.120536804
vt 0.138427734 0.226562500
vn -0.872933924 0.015728539 0.487584740
v -0.419158936 -0.071670532 0.117187500
vt 0.129882812 0.210937500
vn -0.904474974 0.039324999 0.424710006
v -0.426818848 -0.068832397 0.105949402
vt 0.124267578 0.219482422
vn -0.992033720 0.000000000 0.125972539
v -0.427307129 -0.072502136 0.091987610
vt 0.110107422 0.216552734
vn -0.938113689 0.070949771 0.338982254
v -0.441894531 -0.074707031 0.047851562
vt 0.097412109 0.211425781
vn -0.953317583 0.078786574 0.291510344
v -0.420715332 -0.072517395 0.095893860
vt 0.115234375 0.220214844
vn -0.999845028 0.015745591 0.007872796
v -0.439666748 -0.019844055 0.046821594
vt 0.093505859 0.237792969
vn -0.946291029 0.000000000 0.323316097
v -0.423583984 -0.010980606 0.092651367
vt 0.114746094 0.240966797
vn -0.928558290 0.031476554 0.369849503
v -0.432312012 0.008619308 0.073219299
vt 0.104980469 0.251708984
vn -0.902689815 -0.109892674 0.416022301
v -0.423065186 0.020086288 0.088890076
vt 0.118652344 0.252685547
vn -0.979174554 0.047379412 0.197414219
v -0.429809570 0.021968842 0.066604614
vt 0.109130859 0.257324219
vn -0.866437256 0.055136915 0.496232241
v -0.435119629 0.021995544 0.067436218
vt 0.105712891 0.258056641
vn -0.944179654 0.212440416 0.251781225
v -0.446319580 -0.016244888 0.042308807
vt 0.091796875 0.264648438
vn -0.861370802 0.047414906 0.505759001
v -0.434478760 0.028699875 0.056396484
vt 0.106689453 0.263183594
vn -0.976620197 0.102387592 0.189023256
v -0.437622070 -0.006112099 0.039539337
vt 0.096679688 0.270996094
vn -0.949552715 0.164798394 0.266816437
v -0.436767578 0.056266785 0.040252686
vt 0.113037109 0.274414062
vn -0.919522643 0.007859168 0.392958403
vt 0.779785156 0.877685547
vt 0.837890625 0.873779297
vt 0.846679688 0.885009766
v 0.424865723 0.135238647 0.100952148
vt 0.891845703 0.834228516
vn 0.943916857 0.070793755 0.322504908
v 0.386840820 0.157546997 0.178634644
vt 0.880371094 0.870849609
vn 0.604801178 0.769746959 0.204218566
v 0.424774170 0.157897949 0.063964844
vt 0.910644531 0.833007812
vn 0.785553038 0.581309259 0.212099329
v 0.417724609 0.159835815 0.063812256
vt 0.913330078 0.836669922
v 0.372833252 0.157546997 0.166213989
vt 0.892333984 0.879394531
vn -0.141399533 0.981941283 0.125688478
v 0.389465332 0.157623291 0.106910706
vt 0.910888672 0.861816406
vn -0.173465118 0.977712393 -0.118271664
vt 0.973144531 0.809326172
vt 0.943603516 0.813964844
vt 0.962402344 0.791992188
vt 0.941162109 0.825195312
v 0.331237793 0.157821655 0.166702271
vt 0.929931641 0.822021484
vn -0.315734833 0.939311087 -0.134187296
v 0.365753174 0.157302856 0.196731567
vt 0.936279297 0.802246094
vn -0.047073662 0.996392548 -0.070610493
v 0.295257568 0.157760620 0.183059692
vt 0.934082031 0.763671875
vn 0.133783624 0.967963934 -0.212479889
v 0.360321045 0.146163940 0.199020386
vt 0.932373047 0.800537109
vn 0.181181014 0.638072252 -0.748356342
v 0.302917480 0.146423340 0.187118530
vt 0.929931641 0.771240234
vn 0.283385485 0.716335595 -0.637617409
v 0.293182373 0.146423340 0.169281006
vt 0.923339844 0.767822266
vn -0.007861353 0.801857948 0.597462833
v 0.352142334 0.157699585 0.194549561
vt 0.928466797 0.800292969
vn -0.377391607 0.369529277 0.849131167
v 0.310058594 0.158355713 0.171493530
vt 0.920654297 0.777832031
vn 0.346081406 0.534853041 -0.770817637
v 0.294067383 0.157577515 0.202178955
vt 0.943847656 0.762207031
vn -0.070907913 0.969074905 0.236359730
v 0.272766113 0.159271240 0.128540039
vt 0.906005859 0.750000000
v 0.304504395 0.157897949 0.153854370
vt 0.916503906 0.761962891
vn 0.189234674 0.961942971 0.197119460
v 0.312103271 0.148284912 0.231323242
vt 0.963378906 0.771972656
vn -0.228630126 0.882985294 0.409957439
vt 0.971923828 0.791992188
vt 0.964111328 0.750976562
vt 0.955322266 0.747558594
vt 0.972167969 0.704345703
vt 0.922851562 0.681884766
vt 0.974365234 0.689453125
v 0.278717041 0.146072388 0.206054688
vt 0.953857422 0.758300781
vn 0.282598585 0.894895554 0.345398307
v 0.287475586 0.155776978 0.221603394
vt 0.960205078 0.760009766
vn -0.047178328 0.998607934 -0.023589164
v 0.385559082 0.072708130 0.203231812
vt 0.032958984 0.621093750
vn 0.936891675 -0.283429414 0.204699025
vt 0.024902344 0.646972656
vt 0.003906250 0.626464844
vt 0.015380859 0.616943359
v 0.404083252 0.076774597 0.149734497
vt 0.058105469 0.613037109
vn 0.931069732 -0.134137169 0.339288116
vt 0.092529297 0.631347656
v 0.417999268 0.047271729 0.107650757
vt 0.078125000 0.597167969
vn 0.867973328 -0.149922669 0.473440021
v 0.392303467 0.071746826 0.151016235
vt 0.054199219 0.607666016
vn 0.781540990 -0.489449918 0.386823326
v 0.408630371 0.045120239 0.107475281
vt 0.074462891 0.593261719
vn 0.591579020 -0.410161436 0.694119394
v 0.404998779 0.046955109 0.118591309
vt 0.068847656 0.592285156
vn 0.917343736 0.337143421 -0.211694717
v 0.410552979 0.057884216 0.135498047
vt 0.059570312 0.595214844
vn 0.955842495 0.236985743 0.173789546
v 0.382904053 0.069084167 0.181625366
vt 0.038330078 0.611572266
vn 0.790445924 0.577025533 0.205515936
vt 0.068847656 0.563232422
v 0.391937256 0.068557739 0.190521240
vt 0.032470703 0.606201172
vn 0.762409925 0.495173484 0.416574538
vt 0.006591797 0.605957031
vt 0.020751953 0.599853516
vt 0.032226562 0.589599609
v 0.409057617 0.013984680 0.139938354
vt 0.053955078 0.572753906
vn 0.946261644 0.007885513 0.323306054
vt 0.052490234 0.565917969
vt 0.015625000 0.592529297
vt 0.006347656 0.593017578
vt 0.038574219 0.574462891
vt 0.041992188 0.567138672
vt 0.047607422 0.561279297
vt 0.054687500 0.555419922
v 0.382873535 0.042964935 0.185760498
vt 0.024658203 0.587646484
vn 0.763471901 -0.023612533 0.645409226
vt 0.019531250 0.572509766
vt 0.349365234 0.943603516
vt 0.329101562 0.942138672
vt 0.361572266 0.934570312
vt 0.295654297 0.936523438
vt 0.350097656 0.959960938
v -0.355895996 0.145751953 0.216156006
vt 0.336425781 0.953369141
vn 0.157911688 0.986948013 -0.031582337
v -0.322326660 0.150207520 0.216018677
vt 0.335937500 0.963134766
vn -0.212697372 0.567192972 0.795645714
vt 0.334472656 0.968994141
vt 0.893310547 0.990234375
vt 0.890136719 0.984863281
v 0.361968994 0.146362305 0.187118530
vt 0.896484375 0.984863281
vn -0.549971938 0.628539383 0.549971938
v 0.318450928 0.146423340 0.171676636
vt 0.915039062 0.992431641
vn 0.181259766 0.914179683 -0.362519532
v 0.332855225 0.148635864 0.163406372
vt 0.913574219 0.984619141
vn -0.031562667 0.994224012 0.102578662
vt 0.924072266 0.998046875
vt 0.916503906 0.999755859
vt 0.894531250 0.998046875
vt 0.905761719 0.881347656
vt 0.927978516 0.885253906
vt 0.865478516 0.902343750
vt 0.934814453 0.851806641
vt 0.911132812 0.870849609
vt 0.947998047 0.844970703
v -0.101104736 0.154891968 0.084152222
vt 0.956298828 0.884277344
vn 0.023589164 0.998607934 -0.047178328
v -0.073478699 0.154312134 0.042064667
vt 0.975830078 0.872558594
vn -0.007865000 0.998854995 -0.047189999
v 0.033111572 0.158721924 0.079399109
vt 0.965087891 0.822509766
v -0.077537537 0.151702881 0.026235580
vt 0.980712891 0.870605469
vn -0.023614729 0.999690175 -0.007871577
v -0.151382446 0.153823853 0.007513523
vt 0.992919922 0.900878906
v -0.156723022 0.151733398 0.016265869
vt 0.990722656 0.903320312
vn 0.023603760 0.999225855 -0.031471681
vt 0.059326172 0.344970703
vt 0.038574219 0.379150391
vt 0.019042969 0.378906250
vt 0.051269531 0.378417969
v -0.234085083 0.158798218 0.052066803
vt 0.084472656 0.346191406
v -0.299255371 0.157608032 0.111190796
vt 0.068359375 0.381591797
vn -0.039261907 0.997252405 0.062819049
v -0.297607422 0.146575928 0.120132446
vt 0.064208984 0.385009766
vn -0.425566405 0.851132810 -0.307353526
v -0.324523926 0.157226562 0.048908234
vt 0.095214844 0.381103516
vn -0.023597188 0.998947680 0.039328650
vt 0.086181641 0.903320312
vt 0.117431641 0.892578125
vt 0.094970703 0.905517578
vt 0.110107422 0.903320312
v 0.377349854 0.146148682 0.167312622
vt 0.125488281 0.900634766
vn -0.227768227 0.918926954 -0.322017133
v 0.347869873 0.151062012 0.154861450
vt 0.120605469 0.916748047
vn 0.275727332 0.961106777 -0.015755849
vt 0.136230469 0.887939453
v 0.311950684 0.145370483 0.122123718
vt 0.138183594 0.915527344
vn -0.462322295 0.383962572 0.799269021
v 0.310913086 0.158142090 0.123100281
vt 0.152099609 0.927734375
vn 0.015746079 0.999876022 0.000000000
v 0.366058350 0.157684326 0.104804993
vt 0.170898438 0.902099609
vn 0.109923169 0.981456876 -0.157033101
v 0.321685791 0.157714844 0.064682007
vt 0.186279297 0.927978516
vn 0.078458525 0.996423304 -0.031383410
vt 0.172119141 0.883789062
v 0.348999023 0.146194458 0.091575623
vt 0.187011719 0.913085938
vn 0.338404417 0.912904918 -0.228226230
v 0.385284424 0.146301270 0.117858887
vt 0.176513672 0.892822266
vn 0.188689977 0.479587018 -0.856966972
v 0.379119873 0.146621704 0.101516724
vt 0.182128906 0.890625000
vn -0.268449873 0.931679010 0.244763136
v 0.390777588 0.156158447 0.097900391
vt 0.175781250 0.882324219
vn -0.434189498 0.899956405 0.039471772
v 0.376129150 0.156478882 0.088333130
vt 0.187988281 0.894775391
vn 0.141785026 0.882218003 0.448985934
v 0.350982666 0.158493042 0.087043762
vt 0.190673828 0.897460938
vn -0.259000838 0.400274009 -0.879033148
v 0.378265381 0.145935059 0.082954407
vt 0.199707031 0.881103516
vn -0.275368661 0.951988876 -0.133750498
v 0.387756348 0.157974243 0.089218140
vt 0.184082031 0.879394531
vn -0.291032016 0.888827443 0.353957862
vt 0.548095703 0.982421875
v -0.357269287 0.154037476 0.155303955
vt 0.556152344 0.972656250
vt 0.559082031 0.989746094
vt 0.541992188 0.958496094
v -0.365447998 0.155883789 0.128967285
vt 0.566650391 0.970947266
vn 0.110486530 0.978595018 0.173621699
v -0.354003906 0.146697998 0.139862061
vt 0.562988281 0.966064453
vn 0.102514856 0.993605554 -0.047314551
vt 0.535400391 0.952148438
v -0.352722168 0.158126831 0.141403198
vt 0.562011719 0.961181641
vn -0.055068627 0.983368337 -0.173072830
v -0.304626465 0.146316528 0.110671997
vt 0.592285156 0.953125000
vn 0.188783363 0.747267485 0.637143850
vt 0.598876953 0.954833984
vt 0.730224609 0.918945312
vt 0.720458984 0.927490234
vt 0.729736328 0.909179688
vt 0.741943359 0.931396484
v 0.302062988 0.145736694 0.150527954
vt 0.732177734 0.933837891
vn 0.125797197 0.872718096 0.471739531
vt 0.739501953 0.949462891
vt 0.711669922 0.942138672
vt 0.696044922 0.932861328
v 0.197509766 0.159835815 0.063240051
vt 0.636718750 0.948974609
vt 0.342285156 0.872314453
v 0.071784973 0.158554077 0.049610138
vt 0.267822266 0.885742188
vn -0.015745591 0.999845028 0.007872796
vt 0.336425781 0.855224609
vt 0.278808594 0.832519531
vt 0.257568359 0.863525391
vt 0.311523438 0.927978516
v 0.153610229 0.160552979 0.006497860
vt 0.275390625 0.929687500
vt 0.360351562 0.929931641
v -0.294006348 0.145095825 0.148635864
vt 0.026611328 0.413574219
vn -0.196406424 0.817050755 -0.542081714
vt 0.033447266 0.421386719
vt 0.020019531 0.414550781
v -0.304565430 0.149185181 0.140213013
vt 0.029541016 0.408935547
vn -0.078487523 0.996791542 -0.015697505
vt 0.031738281 0.404785156
vt 0.026855469 0.399658203
vt 0.051757812 0.394775391
vt 0.049072266 0.387207031
vt 0.024658203 0.394531250
vt 0.020019531 0.394531250
vt 0.679931641 0.088134766
vt 0.678222656 0.096923828
v 0.412658691 -0.100532532 0.119949341
vt 0.643798828 0.086425781
vn 0.926952541 0.125688478 0.353498876
vt 0.651611328 0.078857422
vt 0.649902344 0.073242188
v 0.412048340 -0.078636169 0.092590332
vt 0.627441406 0.086425781
vn 0.993852854 -0.110428095 0.007887721
vt 0.635986328 0.071289062
v 0.427246094 -0.056243896 0.088279724
vt 0.616699219 0.079589844
vn 0.992218375 -0.070872739 -0.102371730
vt 0.595458984 0.067871094
v 0.415618896 -0.005475044 0.085357666
vt 0.593261719 0.077880859
vn 0.989918888 0.007856499 0.141416982
v 0.419128418 -0.037544250 0.076339722
vt 0.605224609 0.085449219
vn 0.568340361 0.055255316 0.820936084
v 0.427368164 -0.019481659 0.078002930
vt 0.593261719 0.085937500
vn 0.847639084 -0.070636585 0.525850177
v 0.424438477 -0.069656372 0.083518982
vt 0.621093750 0.091796875
vn 0.858480752 0.094511643 0.504062057
v 0.437408447 -0.014125824 0.051776886
vt 0.585937500 0.094482422
vn 0.897304058 -0.023613265 0.440780938
v 0.432708740 0.048210144 0.069496155
vt 0.572998047 0.074951172
vn 0.919097006 -0.031422120 0.392776519
v 0.456176758 -0.008261681 0.022039413
vt 0.573242188 0.104248047
vn 0.948997676 -0.031371821 0.313718230
v 0.436676025 -0.100357056 0.055717468
vt 0.627685547 0.106689453
vn 0.917289853 0.047446027 0.395383567
v 0.446014404 -0.085212708 0.036258698
vt 0.616699219 0.111328125
vn 0.943829119 -0.007865243 0.330340177
v 0.433441162 -0.145751953 0.073143005
vt 0.651367188 0.114257812
vn 0.928299665 0.039334733 0.369746506
v 0.443389893 -0.146774292 0.053535461
vt 0.644042969 0.121582031
vn 0.950343192 -0.054978531 0.306308955
v 0.421783447 -0.161361694 0.097480774
vt 0.659912109 0.116943359
vn 0.086959928 -0.996086419 0.015810896
v 0.443359375 -0.151718140 0.034690857
vt 0.641113281 0.129638672
vn 0.934087753 -0.298280120 0.196236923
v 0.450012207 -0.082427979 0.008758545
vt 0.606445312 0.121582031
vn 0.960481048 -0.039363977 0.275547832
v 0.458923340 -0.123916626 -0.004323483
vt 0.621337891 0.136230469
vn 0.965604722 -0.125607118 0.227662891
v 0.450988770 -0.159622192 -0.039752960
vt 0.626708984 0.161132812
vn 0.118179865 -0.992710829 0.023635972
v 0.292327881 -0.161361694 -0.118728638
vt 0.660400391 0.227783203
vt 0.734130859 0.068847656
vt 0.780517578 0.242675781
v 0.464080811 -0.134429932 -0.034683228
vt 0.616455078 0.147949219
vn 0.976771593 -0.063017525 0.204806939
v 0.457611084 -0.020093918 -0.015911102
vt 0.570312500 0.120117188
vn 0.981577873 -0.031410493 0.188462943
v 0.469573975 -0.155364990 -0.072669983
vt 0.610839844 0.167724609
vn 0.966677666 -0.078591682 0.243634209
v 0.467956543 -0.000902355 -0.036418915
vt 0.557617188 0.124511719
vn 0.968924582 -0.039387178 0.244200498
v 0.458435059 0.003495932 0.000127420
vt 0.562255859 0.108154297
vn 0.973965526 0.054981925 0.219927698
v 0.484069824 0.067527771 -0.122756958
vt 0.516113281 0.147949219
vn 0.990071774 0.062861696 0.125723392
v 0.484313965 -0.049526215 -0.126724243
vt 0.559326172 0.169677734
vn 0.991910815 -0.062978461 0.110212311
v 0.490203857 0.008274078 -0.124145508
vt 0.537109375 0.160888672
vn 0.794635415 0.039338388 -0.605811179
v 0.476654053 0.065010071 -0.123306274
vt 0.515380859 0.151611328
vn 0.568890095 0.118518777 -0.813828886
v 0.483764648 -0.094589233 -0.122505188
vt 0.578369141 0.176757812
vn 0.983459592 0.007867676 -0.180956557
v 0.421600342 0.066200256 -0.166656494
vt 0.506835938 0.186035156
vn 0.621796727 0.078708448 -0.779213607
v 0.454406738 -0.061573029 -0.151168823
vt 0.562011719 0.189697266
vn 0.605980039 -0.031479482 -0.794856846
v 0.485870361 -0.153686523 -0.122184753
vt 0.601318359 0.186035156
vn 0.888854980 -0.094391681 -0.448360473
v 0.475006104 -0.161605835 -0.127334595
vt 0.604980469 0.187744141
vn 0.220199555 -0.975169480 0.023592809
v 0.456329346 -0.159896851 -0.142684937
vt 0.604736328 0.202148438
vn 0.510263205 -0.478862405 -0.714368463
v 0.416473389 -0.161346436 -0.171600342
vt 0.607910156 0.223632812
vn 0.094886117 -0.988397062 -0.118607655
v 0.276580811 -0.161315918 -0.201873779
vt 0.643798828 0.262207031
vn -0.047185622 -0.998762369 -0.015728541
v 0.396545410 -0.159942627 -0.186431885
vt 0.604492188 0.233398438
vn 0.525736809 -0.423728228 -0.737600982
v 0.436950684 -0.147933960 -0.157684326
vt 0.599365234 0.211425781
vn 0.587751925 -0.054856848 -0.807179272
v 0.392822266 -0.072982788 -0.194427490
vt 0.561523438 0.226806641
vn 0.565458536 -0.015707182 -0.824627101
v 0.369598389 -0.073310852 -0.211074829
vt 0.558349609 0.238769531
vn 0.574500561 0.007869870 -0.818466485
v 0.373107910 -0.161392212 -0.202194214
vt 0.599609375 0.242187500
vn 0.519830108 -0.330800980 -0.787621379
v 0.389099121 -0.006013393 -0.195678711
vt 0.531982422 0.219238281
vn 0.511922121 0.031502899 -0.858454049
v 0.386444092 0.051311493 -0.197998047
vt 0.505615234 0.210693359
vn 0.597315192 0.023578230 -0.801659822
v 0.387390137 -0.072601318 -0.188903809
vt 0.556640625 0.229736328
vn -0.118581720 0.158108950 -0.980275512
v 0.368133545 -0.071624756 -0.205810547
vt 0.555175781 0.240478516
vn 0.300294399 -0.102732293 -0.948298156
v 0.381988525 0.044174194 -0.191909790
vt 0.511230469 0.217285156
vn 0.266594917 -0.117615417 -0.956605375
v 0.374908447 0.042167664 -0.207229614
vt 0.505371094 0.217285156
vn 0.229286641 -0.711579263 -0.664140582
v 0.360107422 0.058738708 -0.215057373
vt 0.497802734 0.223876953
vn 0.567069829 -0.086635672 -0.819100857
v 0.371795654 0.032588959 -0.200103760
vt 0.513183594 0.224609375
vn 0.852616847 0.039473001 -0.521043599
v 0.357025146 0.038440704 -0.211196899
vt 0.504394531 0.227294922
vn 0.407996893 0.439381301 -0.800301611
v 0.379943848 -0.069198608 -0.194503784
vt 0.553710938 0.233154297
vn 0.949348092 0.015691703 -0.313834071
v 0.376129150 0.032405853 -0.207305908
vt 0.512939453 0.230712891
vn 0.954028428 0.173459724 -0.244420514
v 0.385223389 -0.068862915 -0.202987671
vt 0.551757812 0.236816406
vn 0.772708297 -0.070963003 -0.630782247
v 0.369750977 -0.015192986 -0.212829590
vt 0.530029297 0.244384766
vn 0.505553842 -0.055294950 -0.861021399
v 0.365234375 0.027484894 -0.210968018
vt 0.511962891 0.234130859
vn 0.541230559 -0.125502750 -0.831455708
v 0.362548828 0.037841797 -0.218536377
vt 0.507080078 0.234130859
vn 0.504390657 0.315244168 -0.803872645
v -0.209487915 0.159637451 0.091979980
vt 0.791992188 0.944091797
vn 0.015745591 0.999845028 -0.007872796
vt 0.798095703 0.953613281
vt 0.746093750 0.943847656
vt 0.810791016 0.933837891
vt 0.754150391 0.915771484
v -0.293090820 0.156723022 -0.020734787
vt 0.848388672 0.918212891
vn 0.031456109 0.998731434 -0.039320134
v -0.367126465 0.157791138 0.062530518
vt 0.015136719 0.830322266
vn 0.031587262 0.994998753 -0.094761789
vt 0.051757812 0.820556641
vt 0.044433594 0.832519531
vt 0.015136719 0.808593750
vt 0.034912109 0.859375000
v -0.329589844 0.157592773 0.078300476
vt 0.019775391 0.848144531
vn -0.236653715 0.891395628 -0.386534393
vt 0.009033203 0.857666016
v -0.342559814 0.146224976 0.081108093
vt 0.010498047 0.843994141
vn 0.142333627 0.687945902 -0.711668193
v -0.321807861 0.146087646 0.052181244
vt 0.006347656 0.854736328
vn -0.260904193 0.869680703 0.419027984
v -0.333984375 0.150894165 0.067146301
vt 0.004150391 0.848632812
vn 0.070916727 0.882519305 0.464898527
vt 0.035156250 0.034179688
vt 0.024658203 0.001953125
vt 0.051025391 0.000000000
vt 0.290283203 0.290527344
vt 0.279052734 0.309082031
vt 0.281005859 0.285156250
vt 0.286376953 0.311035156
vt 0.288818359 0.313720703
vt 0.297363281 0.288818359
vt 0.306152344 0.322265625
vt 0.283935547 0.362792969
v 0.439666748 0.136383057 0.056816101
vt 0.303710938 0.367919922
vn 0.959678292 0.086528376 0.267451316
vt 0.351074219 0.309326172
vt 0.292480469 0.384521484
vt 0.361328125 0.317871094
v 0.456420898 0.135559082 -0.024894714
vt 0.341796875 0.389404297
vn 0.961912990 0.149806127 0.228651434
v 0.435211182 0.157363892 0.011363029
vt 0.316406250 0.398193359
vn 0.173142493 0.983764112 0.047220677
v 0.480499268 0.137786865 -0.117683411
vt 0.391601562 0.403564453
vn 0.970400989 0.189346537 0.149899334
vt 0.418701172 0.381835938
vt 0.292236328 0.388183594
vt 0.271728516 0.396728516
vt 0.268310547 0.395507812
vt 0.273193359 0.400634766
v 0.337280273 0.158462524 0.045463562
vt 0.273681641 0.431152344
v 0.466125488 0.122962952 -0.123954773
vt 0.402099609 0.409179688
vn 0.598796606 0.212730363 -0.772132397
vt 0.422363281 0.384033203
vt 0.446289062 0.405273438
v 0.326751709 0.133590698 -0.239608765
vt 0.445800781 0.484619141
vn 0.607713819 0.142062962 -0.781346321
vt 0.469726562 0.428710938
v 0.355407715 0.158798218 -0.199676514
vt 0.416992188 0.482910156
vn 0.220664069 0.937822223 -0.267949224
v 0.441802979 0.158920288 -0.122398376
vt 0.389648438 0.428466797
vn 0.157778963 0.962451637 -0.220890537
v 0.459136963 0.159332275 -0.108993530
vt 0.382568359 0.418945312
vn 0.094234377 0.989460945 -0.109940104
v 0.318084717 0.157958984 -0.073371887
vt 0.343017578 0.479003906
vn -0.015745591 0.999845028 -0.007872796
v 0.297363281 0.157989502 -0.184417725
vt 0.396728516 0.517089844
vn -0.039338388 0.999195039 -0.007867677
v 0.217514038 0.157409668 -0.118804932
vt 0.343017578 0.536865234
vn -0.031480450 0.999504328 0.000000000
v 0.455657959 0.160812378 -0.094711304
vt 0.373046875 0.418945312
vn 0.102578662 0.994224012 0.031562667
v 0.181640625 0.155914307 -0.024879456
vt 0.283935547 0.523681641
vn -0.007869869 0.999473393 -0.031479478
v 0.286468506 0.158950806 -0.044956207
vt 0.315673828 0.482666016
v 0.353485107 0.158172607 0.006706238
vt 0.300537109 0.435546875
v 0.235275269 0.157379150 -0.024501801
vt 0.291748047 0.494873047
vt 0.266601562 0.535644531
v 0.095916748 0.157653809 -0.000284493
vt 0.263671875 0.567138672
vn 0.000000000 0.999225974 -0.039339606
vt 0.243408203 0.580322266
vt 0.247802734 0.514892578
vt 0.236816406 0.447021484
vt 0.257568359 0.432861328
v 0.339843750 0.146408081 0.052017212
vt 0.265625000 0.424804688
vn -0.204775214 0.803348899 0.559193850
vt 0.266601562 0.405273438
v 0.326293945 0.150588989 0.067405701
vt 0.258300781 0.427246094
vn 0.165595770 0.985689163 -0.031542052
v 0.357696533 0.151947021 0.074096680
vt 0.262207031 0.414550781
vn 0.094797261 0.995371222 -0.015799543
vt 0.252197266 0.414794922
vt 0.471923828 0.439941406
vt 0.530029297 0.439941406
v -0.462280273 -0.150115967 -0.001550913
vt 0.502929688 0.498291016
vt 0.471435547 0.483398438
v -0.471618652 -0.161376953 -0.052825928
vt 0.514892578 0.534423828
vn -0.102601029 -0.994440794 0.023677161
vt 0.320312500 0.568359375
v -0.477508545 -0.129989624 -0.083244324
vt 0.546386719 0.539794922
vn -0.974687338 0.039301910 0.220090687
v -0.452117920 -0.071670532 0.018091202
vt 0.554443359 0.456542969
vn -0.957665682 0.054948032 0.282589853
v -0.467315674 -0.047458649 -0.048118591
vt 0.588378906 0.494384766
v -0.481933594 -0.061691284 -0.108428955
vt 0.596435547 0.538818359
vn -0.997375369 -0.070680141 0.015706699
v -0.443908691 -0.074012756 0.016519547
vt 0.556640625 0.446289062
vn -0.840230644 0.094231471 0.533978343
v -0.476989746 -0.012365341 -0.072929382
vt 0.617431641 0.499511719
vn -0.960481048 -0.039363977 0.275547832
v -0.461914062 0.016817093 -0.028396606
vt 0.620605469 0.462646484
vn -0.946026325 -0.023650657 0.323225647
v -0.445983887 0.054695129 0.016578674
vt 0.616943359 0.422119141
vn -0.908077121 0.015792646 0.418505132
v -0.437194824 -0.070564270 0.042583466
vt 0.542236328 0.431884766
vn -0.811728477 -0.031523436 0.583183646
vt 0.552978516 0.400146484
v -0.440612793 -0.069511414 0.030128479
vt 0.554931641 0.435546875
vn -0.983368337 -0.055068627 -0.173072830
vt 0.562988281 0.401367188
vt 0.547119141 0.379394531
v -0.447937012 -0.069557190 0.038597107
vt 0.552490234 0.426757812
vn -0.975622118 -0.055075441 -0.212433845
v -0.441406250 0.053516388 0.029453278
vt 0.608886719 0.409423828
vn -0.998762369 0.015728541 0.047185622
vt 0.605224609 0.399658203
vt 0.569580078 0.395507812
vt 0.559082031 0.377685547
vt 0.593017578 0.391845703
vt 0.640625000 0.409423828
vt 0.618164062 0.380615234
v -0.466094971 0.067161560 -0.020614624
vt 0.649658203 0.442382812
vn -0.936949790 -0.086608805 0.338561684
vt 0.680664062 0.379882812
v -0.478088379 0.046161652 -0.075157166
vt 0.654785156 0.486328125
vn -0.986671269 0.039466850 0.157867402
v -0.464599609 0.134689331 0.000522912
vt 0.694335938 0.419921875
vn -0.888332844 0.361622244 0.283008695
vt 0.706054688 0.362792969
v -0.467864990 0.090324402 -0.043910980
vt 0.672119141 0.456787109
vn -0.981789708 -0.023562953 0.188503623
v -0.481750488 0.028316498 -0.107521057
vt 0.654296875 0.513427734
vn -0.981577873 0.031410493 0.188462943
v -0.470672607 0.106384277 -0.030990601
vt 0.681152344 0.446044922
vn -0.956693649 -0.133309767 0.258777767
v -0.479156494 0.065658569 -0.083259583
vt 0.672607422 0.489501953
vn -0.911466479 -0.196436748 0.361443639
v -0.490112305 -0.031322479 -0.116378784
vt 0.617675781 0.531494141
vn -0.995091856 -0.047385328 0.086873099
v -0.477386475 -0.048095703 -0.142242432
vt 0.611572266 0.551025391
vn -0.768704295 -0.251005501 -0.588294148
v -0.488037109 -0.006639957 -0.145568848
vt 0.640869141 0.544433594
vn -0.811904967 0.023647718 -0.583310366
v -0.486999512 0.031658173 -0.115348816
vt 0.659912109 0.519042969
vn -0.999690175 -0.007871577 0.023614729
v -0.487670898 0.077995300 -0.104057312
vt 0.688720703 0.500244141
vn -0.996086419 0.039527237 -0.079054475
v -0.482696533 0.120277405 -0.068519592
vt 0.702636719 0.466064453
vn -0.980973065 0.047086708 0.188346833
v -0.478912354 0.042961121 -0.144500732
vt 0.676757812 0.537841797
vn -0.766397357 0.055307027 -0.639981329
v -0.439422607 0.018018723 -0.163619995
vt 0.671386719 0.565429688
vn -0.385994375 -0.039387181 -0.921660006
v -0.421386719 0.058799744 -0.182830811
vt 0.706787109 0.572509766
vn -0.464610100 -0.141745448 -0.874096990
v -0.427978516 0.109184265 -0.179916382
vt 0.735107422 0.554931641
vn -0.599001110 0.086697534 -0.796040952
v -0.467590332 0.103836060 -0.151931763
vt 0.719482422 0.525634766
vn -0.767476201 0.142418265 -0.625057936
v -0.460601807 0.139022827 -0.144866943
vt 0.740722656 0.513671875
vn -0.586887538 0.461684853 -0.665139198
v -0.467468262 0.152496338 -0.121490479
vt 0.739257812 0.493408203
vn -0.915117919 0.205112636 -0.347113729
v -0.463287354 0.156997681 -0.112342834
vt 0.743408203 0.484863281
vn -0.133692592 0.990898073 0.015728541
v -0.436431885 0.157379150 -0.141342163
vt 0.758789062 0.507812500
vn -0.197340384 0.947233915 -0.252595693
v -0.482055664 0.139251709 -0.096664429
vt 0.723388672 0.478027344
vn -0.876136780 0.481480569 0.023679372
v -0.453460693 0.154312134 -0.049594879
vt 0.728515625 0.439941406
vn -0.197334260 0.978778005 0.055253595
v -0.447631836 0.150939941 -0.010574341
vt 0.714111328 0.416015625
vn -0.550703287 0.818187773 0.165210992
v -0.433807373 0.153701782 0.008893967
vt 0.719238281 0.401855469
vn -0.062865578 0.997991085 -0.007858197
v -0.397857666 0.156463623 0.046436310
vt 0.718017578 0.368164062
vn -0.023691922 0.987163424 0.157946154
v -0.404907227 0.153564453 -0.015489578
vt 0.743652344 0.405273438
v -0.387573242 0.156219482 -0.022233963
vt 0.754882812 0.403076172
vn 0.023614729 0.999690175 0.007871577
v -0.405090332 0.154800415 -0.000036228
vt 0.737792969 0.396972656
vn 0.015728539 0.990898013 -0.133692577
vt 0.009521484 0.909912109
v -0.364715576 0.146347046 0.058601379
vt 0.022460938 0.916748047
vn 0.055196878 0.906805873 -0.417919219
vt 0.008056641 0.916259766
vt 0.020751953 0.921875000
v -0.355957031 0.157882690 0.061096191
vt 0.017333984 0.910888672
vn -0.047366127 0.939428151 -0.339457244
vt 0.018310547 0.897216797
v -0.397796631 0.146286011 0.046604156
vt 0.035156250 0.919921875
vn 0.109936722 0.895199001 0.431894273
vt 0.041992188 0.919677734
vt 0.023437500 0.892089844
v -0.399230957 0.153259277 0.057685852
vt 0.033935547 0.926025391
vn 0.189023256 0.842728734 -0.504061997
vt 0.034423828 0.936035156
vt 0.340332031 0.049804688
vt 0.260498047 0.024902344
v -0.084800720 -0.158538818 0.028539658
vt 0.303222656 0.012695312
vt 0.368164062 0.010253906
vt 0.154052734 0.972656250
vt 0.224365234 0.972656250
vt 0.169677734 0.989013672
v -0.335327148 0.158187866 -0.006220341
vt 0.812255859 0.713134766
vt 0.778076172 0.737304688
vt 0.788330078 0.709960938
vt 0.821533203 0.701171875
vt 0.788818359 0.681640625
v -0.367431641 0.156509399 0.003092527
vt 0.804931641 0.724121094
vn -0.133937165 0.984832168 -0.110301204
vt 0.783447266 0.746826172
vt 0.793212891 0.738281250
vt 0.808105469 0.601806641
vt 0.826660156 0.625976562
vt 0.832031250 0.625732422
v -0.290557861 0.153747559 -0.075744629
vt 0.849121094 0.697509766
v -0.252929688 0.153182983 -0.069320679
vt 0.852294922 0.680419922
vt 0.837158203 0.591064453
vt 0.832519531 0.587402344
v -0.108039856 0.152755737 -0.059978485
vt 0.869384766 0.613769531
vn -0.015738277 0.999380589 0.031476554
v 0.010399818 0.157379150 -0.023973465
vt 0.869873047 0.561279297
vn -0.039328650 0.998947680 0.023597188
v -0.148895264 0.156707764 -0.096984863
vt 0.878906250 0.646484375
vn 0.000000000 0.995495498 0.094809093
v -0.087677002 0.155563354 -0.096099854
vt 0.888427734 0.616943359
vn -0.015706699 0.997375369 0.070680141
v -0.236602783 0.159988403 -0.135482788
vt 0.894287109 0.682861328
v -0.117179871 0.159896851 -0.126480103
vt 0.904052734 0.626708984
vn -0.007872796 0.999845028 0.015745591
v -0.284606934 0.159408569 -0.138839722
vt 0.882812500 0.700927734
vn -0.007867677 0.999195039 0.039338388
v -0.230621338 0.154602051 -0.170486450
vt 0.906250000 0.690673828
vn -0.015738277 0.999380589 -0.031476554
v -0.243881226 0.158340454 -0.174285889
vt 0.904296875 0.697265625
vn 0.078958310 0.994874716 0.063166648
v -0.272705078 0.158706665 -0.182708740
vt 0.901367188 0.708984375
v -0.287567139 0.156082153 -0.095695496
vt 0.860107422 0.698730469
vn -0.007849477 0.996883571 0.078494772
v -0.353820801 0.156265259 -0.129348755
vt 0.871582031 0.730712891
vn -0.023612533 0.999597251 -0.015741689
v -0.356719971 0.154342651 -0.175399780
vt 0.889892578 0.741455078
vn -0.031456109 0.998731434 0.039320134
v -0.372558594 0.158218384 -0.194381714
vt 0.896484375 0.751953125
vn -0.141890705 0.985352218 -0.094593808
v -0.385253906 0.157165527 -0.110298157
vt 0.858642578 0.740722656
vn 0.007869869 0.999473393 0.031479478
v -0.389038086 0.154830933 -0.179473877
vt 0.887451172 0.754882812
vn -0.023568772 0.997744679 -0.062850058
v -0.398895264 0.148651123 -0.180999756
vt 0.887939453 0.760253906
vn -0.463862896 0.754759967 -0.463862896
v -0.389587402 0.139175415 -0.212097168
vt 0.901367188 0.764892578
vn -0.557777047 0.243536472 -0.793457508
vt 0.868896484 0.768554688
vt 0.854736328 0.775878906
v -0.406188965 0.139373779 -0.187088013
vt 0.890869141 0.765869141
vn -0.575052798 0.512033284 -0.638072252
vt 0.874755859 0.781005859
vt 0.897216797 0.781494141
v -0.393798828 0.116188049 -0.205795288
vt 0.907226562 0.774658203
vn -0.456127644 -0.173013940 -0.872933924
v -0.371002197 0.153549194 -0.082244873
vt 0.845458984 0.731933594
vn 0.000000000 0.999876022 0.015746079
vt 0.828369141 0.762451172
vt 0.813720703 0.739746094
v -0.378997803 0.156158447 -0.026456833
vt 0.818115234 0.729980469
vn -0.055032875 0.998453617 -0.007861840
v -0.395812988 0.145950317 -0.033416748
vt 0.813232422 0.736328125
vn 0.354848117 0.599299014 0.717581749
v -0.378784180 0.145507812 -0.017734528
vt 0.807617188 0.736572266
vn -0.275453925 0.960153759 0.047220677
vt 0.805664062 0.746093750
v -0.371032715 0.145736694 -0.001852751
vt 0.804931641 0.730957031
vn 0.015745591 0.999845028 0.007872796
v -0.403839111 0.145767212 0.001120448
vt 0.799560547 0.734375000
vn 0.243356302 0.949874580 -0.196255073
v -0.378692627 0.156784058 -0.009579659
vt 0.803710938 0.737792969
vn 0.275761575 0.945468307 0.173335865
vt 0.065429688 0.501220703
v 0.062175751 0.158142090 -0.056499481
vt 0.032714844 0.504394531
vt 0.070312500 0.476806641
vt 0.029052734 0.476562500
vt 0.074462891 0.541748047
v 0.171463013 0.153076172 -0.078407288
vt 0.045166016 0.552001953
v 0.095710754 0.152862549 -0.146011353
vt 0.006347656 0.537841797
vn 0.007873772 0.999969006 0.000000000
vt 0.000244141 0.073486328
vt 0.027099609 0.041748047
vt 0.025634766 0.103759766
vt 0.344482422 0.814208984
vt 0.191650391 0.812988281
v 0.092170715 -0.161331177 -0.090881348
vt 0.235839844 0.737548828
v 0.236145020 -0.159530640 -0.161010742
vt 0.324707031 0.756103516
vn 0.047189999 -0.998854995 0.007865000
v 0.247970581 -0.156127930 -0.158111572
vt 0.331787109 0.767822266
vn -0.126392394 -0.987440586 -0.094794296
vt 0.358154297 0.773437500
v 0.274932861 -0.153594971 -0.202087402
vt 0.357177734 0.770507812
vn -0.551095665 -0.810897887 -0.196819887
v 0.285614014 -0.161315918 -0.240982056
vt 0.374023438 0.757080078
vn 0.007872796 -0.999845028 0.015745591
v 0.188110352 -0.161422729 -0.226776123
vt 0.351806641 0.725097656
v 0.278717041 -0.153625488 -0.239334106
vt 0.363769531 0.760498047
vn 0.370021403 -0.889625907 0.267675042
v 0.238571167 -0.153625488 -0.164596558
vt 0.331298828 0.761230469
vn 0.260448784 -0.962871253 0.071031481
vt 0.320556641 0.675781250
vt 0.357177734 0.630371094
v -0.095352173 -0.161346436 -0.159408569
vt 0.409423828 0.749267578
v -0.355712891 -0.161376953 -0.210632324
vt 0.514160156 0.653076172
vn -0.023597188 -0.998947680 -0.039328650
v -0.265228271 -0.161285400 -0.268524170
vt 0.514648438 0.711914062
vn -0.055329487 -0.995930731 -0.071137905
v -0.269897461 -0.141860962 -0.275268555
vt 0.526367188 0.710937500
vn -0.567933500 -0.173535258 -0.804572523
v -0.469421387 -0.161376953 -0.126998901
vt 0.520507812 0.578613281
vn -0.039328650 -0.998947680 -0.023597188
vt 0.505371094 0.541503906
v -0.350219727 -0.147338867 -0.225845337
vt 0.524658203 0.658447266
vn -0.552191973 -0.291872919 -0.780957222
v -0.484222412 -0.152175903 -0.102035522
vt 0.523681641 0.560791016
vn -0.981184602 -0.086344250 -0.172688499
vt 0.530273438 0.548828125
vt 0.570068359 0.561767578
v -0.472473145 -0.144760132 -0.140747070
vt 0.530761719 0.581054688
vn -0.730361521 -0.102093540 -0.675388038
v -0.416046143 -0.155563354 -0.175369263
vt 0.524658203 0.614746094
vn -0.565807700 -0.157168806 -0.809419334
v -0.462280273 -0.094726562 -0.144699097
vt 0.560302734 0.583251953
vn -0.741514981 -0.023665370 -0.670518816
vt 0.584716797 0.576660156
v -0.423767090 -0.113723755 -0.170043945
vt 0.548828125 0.609130859
vn -0.573878825 -0.047168121 -0.817580760
v -0.435516357 -0.069366455 -0.164352417
vt 0.574218750 0.601806641
vn -0.558968425 -0.173201501 -0.810897887
v -0.356811523 -0.112838745 -0.217727661
vt 0.546630859 0.653808594
vn -0.614726126 -0.031524416 -0.788110435
v -0.413787842 -0.064689636 -0.182662964
vt 0.577148438 0.617919922
vn -0.559037745 -0.062990174 -0.826746047
v -0.460937500 -0.030576706 -0.159164429
vt 0.595703125 0.592285156
vn -0.496849149 -0.023659483 -0.867514372
vt 0.604248047 0.576416016
vt 0.623535156 0.600341797
v -0.424957275 0.021003723 -0.165435791
vt 0.623291016 0.608642578
vn -0.472162902 -0.015738763 -0.881370723
vt 0.644287109 0.613037109
v -0.414184570 -0.016599655 -0.181106567
vt 0.600830078 0.620361328
vn -0.496432483 0.047279283 -0.866786838
v -0.416259766 0.020854950 -0.179000854
vt 0.620605469 0.617919922
vn -0.567439497 0.078811042 -0.819634855
v -0.401062012 0.066215515 -0.188476562
vt 0.644287109 0.626220703
vn -0.488810629 -0.094608508 -0.867244661
vt 0.670654297 0.635498047
vt 0.669677734 0.613037109
v -0.370574951 -0.008834839 -0.206726074
vt 0.603515625 0.648925781
vn -0.541680634 0.031401780 -0.839997590
v -0.349670410 0.099952698 -0.222396851
vt 0.658447266 0.662353516
vn -0.489938736 -0.134338036 -0.861343861
vt 0.681884766 0.642089844
v -0.383605957 -0.031551361 -0.205429077
vt 0.590820312 0.642333984
vn -0.583401024 0.015767595 -0.812031090
v -0.344543457 -0.004155636 -0.228866577
vt 0.603271484 0.665527344
vn -0.537100613 0.102681004 -0.837245166
v -0.329406738 -0.058609009 -0.244140625
vt 0.569335938 0.679687500
vn -0.582586884 0.055109568 -0.810897887
v -0.342681885 0.065681458 -0.222198486
vt 0.640625000 0.667480469
vn -0.536214888 -0.023656540 -0.843749940
v -0.325653076 0.015498161 -0.239166260
vt 0.614746094 0.678955078
vn -0.601246357 0.007911135 -0.799024701
v -0.310455322 0.132568359 -0.255950928
vt 0.676757812 0.690185547
vn -0.517826259 -0.117687792 -0.847352087
v -0.289184570 -0.026973724 -0.257965088
vt 0.591308594 0.690673828
vn -0.567069829 0.086635672 -0.819100857
v -0.291137695 -0.029106140 -0.268218994
vt 0.590820312 0.695556641
vn -0.512160420 0.007879391 -0.858853698
v -0.309936523 0.158111572 -0.249420166
vt 0.692138672 0.689453125
vn -0.220856190 0.922863364 -0.315508842
vt 0.698974609 0.644042969
vt 0.732421875 0.689208984
v -0.272918701 0.133682251 -0.282958984
vt 0.675781250 0.718994141
vn -0.645509243 -0.015744127 -0.763590157
v -0.241455078 0.160202026 -0.296478271
vt 0.696289062 0.730224609
vn -0.339330375 0.812814593 -0.473484278
v -0.241958618 0.158004761 -0.262298584
vt 0.711425781 0.721191406
vn 0.094797261 0.995371222 0.015799543
v -0.180084229 0.155838013 -0.207473755
vt 0.753906250 0.732666016
vn 0.110414349 0.985842407 -0.126187831
vt 0.752197266 0.694580078
vt 0.759521484 0.694580078
v -0.290130615 0.083366394 -0.254486084
vt 0.650878906 0.701416016
vn -0.558052599 -0.086458862 -0.825289130
v -0.262725830 0.059322357 -0.275970459
vt 0.636962891 0.722900391
vn -0.668628395 -0.078662165 -0.739424348
v -0.294616699 0.037021637 -0.254577637
vt 0.628173828 0.698486328
vn -0.656316221 0.411186039 -0.632593930
v -0.328369141 0.016405106 -0.245025635
vt 0.614501953 0.683837891
vn -0.818086505 0.369712174 -0.440508127
v -0.269317627 0.058021545 -0.283752441
vt 0.632568359 0.720458984
vn -0.180565819 0.282624722 -0.942082524
v -0.265686035 -0.001938939 -0.274322510
vt 0.611572266 0.735351562
vn -0.251781225 0.000000000 -0.967784166
v -0.276062012 -0.066398621 -0.279418945
vt 0.577392578 0.722900391
vn -0.394336939 -0.086754136 -0.914861739
v -0.267028809 -0.067787170 -0.274658203
vt 0.570068359 0.725585938
vn -0.392861336 0.023571681 -0.919295549
v -0.316650391 0.012252808 -0.251159668
vt 0.613281250 0.689697266
vn -0.109974019 -0.290645629 -0.950489759
v -0.280883789 0.039516449 -0.277526855
vt 0.622314453 0.714355469
vn -0.888662457 -0.173013940 -0.424670577
v -0.311798096 0.011555672 -0.245285034
vt 0.607177734 0.694824219
vn -0.284090519 0.086805440 -0.954859853
v -0.274108887 0.038932800 -0.266784668
vt 0.613037109 0.707763672
vn -0.566718280 -0.267616987 -0.779237688
v -0.276733398 -0.027667999 -0.266693115
vt 0.590332031 0.711425781
vn -0.699012756 0.023562228 -0.714720905
v -0.276031494 -0.065788269 -0.269317627
vt 0.570800781 0.717773438
vn -0.478700131 0.109865598 -0.871077240
v -0.318420410 -0.061939240 -0.249649048
vt 0.569335938 0.687500000
vn -0.456127644 0.047185618 -0.888662457
v -0.291870117 -0.124130249 -0.273193359
vt 0.535644531 0.698730469
vn -0.450146526 -0.031589229 -0.892395735
v -0.338775635 -0.127532959 -0.240478516
vt 0.535644531 0.668701172
vn -0.632356703 0.007904459 -0.774636984
vt 0.500244141 0.838134766
vt 0.514648438 0.831298828
vt 0.527099609 0.873291016
v -0.056209564 0.158889771 -0.146118164
vt 0.475830078 0.846923828
vn 0.023614729 0.999690175 -0.007871577
vt 0.510742188 0.888916016
vt 0.490234375 0.823242188
v -0.010899544 0.155456543 -0.155960083
vt 0.466064453 0.865478516
vn 0.031471681 0.999225855 -0.023603760
v -0.136276245 0.160507202 -0.210922241
vt 0.453369141 0.806152344
vt 0.473388672 0.772460938
vt 0.458007812 0.781982422
v -0.091766357 0.155471802 -0.248886108
vt 0.432373047 0.821777344
vn 0.007869869 0.999473393 -0.031479478
v -0.166687012 0.158523560 -0.217987061
vt 0.451416016 0.791259766
vn -0.126364812 0.979327261 -0.157956004
v 0.027511597 0.155273438 -0.254974365
vt 0.419189453 0.872314453
vn -0.007871577 0.999690175 0.023614729
vt 0.454345703 0.903564453
v 0.012520790 0.157669067 -0.303527832
vt 0.398437500 0.861083984
v 0.090179443 0.157592773 -0.277893066
vt 0.403320312 0.886230469
v -0.024774551 0.156768799 -0.307983398
vt 0.400634766 0.843505859
vn -0.055027775 0.998361051 -0.015722221
v -0.129455566 0.151779175 -0.269866943
vt 0.425537109 0.804931641
vn 0.000000000 0.999721110 -0.023615459
v 0.007222652 0.159286499 -0.336669922
vt 0.384765625 0.854736328
v 0.072906494 0.161056519 -0.406738281
vt 0.349853516 0.874511719
vn 0.157110587 0.966230154 -0.204243749
v 0.123275757 0.156845093 -0.354980469
vt 0.358642578 0.895751953
vn 0.055260483 0.994688690 0.086837903
v 0.030776978 0.155685425 -0.431365967
vt 0.344238281 0.855957031
vn 0.125797197 0.943479061 -0.306630701
v -0.001894951 0.156845093 -0.386077881
vt 0.364990234 0.845703125
v -0.011376381 0.157638550 -0.455749512
vt 0.333984375 0.835693359
vn -0.055068627 0.959767520 -0.275343120
v -0.072120667 0.158386230 -0.410705566
vt 0.360839844 0.811767578
v -0.080207825 0.153320312 -0.330200195
vt 0.394287109 0.818603516
v -0.177795410 0.156036377 -0.344421387
vt 0.400878906 0.777343750
vn -0.110634781 0.979908049 -0.165952161
v -0.200836182 0.158493042 -0.294982910
vt 0.422607422 0.771240234
vn 0.063125335 0.994224012 0.086797334
vt 0.421875000 0.751464844
vt 0.436279297 0.748779297
v -0.173461914 0.154724121 -0.255340576
vt 0.433837891 0.785888672
vn -0.110110000 0.967395008 0.228084996
v -0.186294556 0.148956299 -0.247161865
vt 0.439697266 0.780273438
vn -0.086280487 0.996147394 -0.015687361
v -0.189147949 0.148437500 -0.284118652
vt 0.429443359 0.774658203
vn -0.126364812 0.979327261 0.157956004
v -0.210083008 0.150451660 -0.289245605
vt 0.431884766 0.765869141
vn 0.173121050 0.912820041 0.369849503
v -0.190322876 0.157806396 -0.253265381
vt 0.434814453 0.775146484
vn 0.102601029 0.994440794 -0.023677161
v -0.214019775 0.154693604 -0.277313232
vt 0.435058594 0.767333984
vn 0.078475438 0.996638060 -0.023542631
v -0.175155640 0.149124146 -0.216400146
vt 0.449218750 0.783203125
vn -0.149084970 0.980822146 0.125545233
v -0.227981567 0.151885986 -0.267700195
vt 0.437255859 0.763427734
vn -0.212249994 0.966916621 0.141499981
v -0.241973877 0.146377563 -0.262420654
vt 0.437988281 0.758544922
vn 0.575142026 0.716957867 -0.393932849
v -0.180282593 0.146301270 -0.207778931
vt 0.452880859 0.781005859
vn -0.039335951 0.991266012 -0.125875041
vt 0.766845703 0.687500000
vt 0.694824219 0.601562500
vt 0.768798828 0.613037109
v 0.157730103 -0.161346436 -0.236663818
vt 0.788085938 0.555175781
v 0.093399048 -0.159378052 -0.270660400
vt 0.772216797 0.534179688
vn 0.000000000 -0.999969006 -0.007873772
vt 0.824218750 0.587646484
vt 0.803710938 0.558349609
v 0.122940063 -0.161346436 -0.309600830
vt 0.777099609 0.519775391
vn -0.070680141 -0.997375369 -0.015706699
v 0.164276123 -0.153900146 -0.228942871
vt 0.794189453 0.553222656
vn 0.479809523 -0.873095989 0.086523034
v 0.177139282 -0.155395508 -0.233139038
vt 0.799072266 0.552490234
vn -0.442152709 -0.884305418 -0.150016099
v 0.192825317 -0.161300659 -0.303924561
vt 0.797363281 0.524169922
vn 0.110212311 -0.991910815 0.062978461
v 0.197463989 -0.153228760 -0.302368164
vt 0.800537109 0.526367188
vn -0.071066901 -0.994936705 0.071066901
v 0.202728271 -0.161376953 -0.298370361
vt 0.805419922 0.523925781
vn -0.078475438 -0.996638060 -0.023542631
vt 0.840576172 0.535888672
v 0.237762451 -0.161117554 -0.302368164
vt 0.820556641 0.516357422
vn 0.284445018 -0.877038836 -0.387161285
v 0.204696655 -0.160583496 -0.327575684
vt 0.805175781 0.509033203
vn 0.456169993 -0.637064993 -0.621334970
v 0.177841187 -0.161285400 -0.346435547
vt 0.792968750 0.501708984
vn 0.497406304 -0.568464339 -0.655313075
v 0.225509644 -0.133377075 -0.310394287
vt 0.822509766 0.503906250
vn 0.606261611 0.007873528 -0.795226276
v 0.247802734 -0.148712158 -0.295013428
vt 0.826904297 0.513427734
vn 0.588565826 0.015695088 -0.808296978
v 0.121734619 -0.155517578 -0.310211182
vt 0.771972656 0.521484375
vn -0.392473847 -0.886990905 -0.243333787
v 0.130584717 -0.153182983 -0.353393555
vt 0.770019531 0.512207031
vn -0.418088228 -0.907172561 0.047330741
v 0.108772278 -0.154876709 -0.310333252
vt 0.761230469 0.519042969
vn 0.465491384 -0.867865324 0.173573077
v 0.104164124 -0.161346436 -0.311157227
vt 0.758056641 0.519042969
vn 0.071137905 -0.995930731 0.055329487
v 0.129409790 -0.161346436 -0.354187012
vt 0.770507812 0.503417969
v 0.149841309 -0.161163330 -0.368927002
vt 0.777587891 0.493896484
vn 0.457886815 -0.663146436 -0.592095077
v 0.073059082 -0.161346436 -0.426696777
vt 0.742919922 0.464111328
vn 0.291682392 -0.875047147 -0.386282057
v 0.156921387 -0.132293701 -0.362487793
vt 0.789062500 0.484863281
vn 0.632376492 0.000000000 -0.774661183
v 0.129348755 -0.145462036 -0.383392334
vt 0.771728516 0.480468750
vn 0.614344716 -0.047257286 -0.787621379
v 0.108306885 -0.143829346 -0.400146484
vt 0.761474609 0.471679688
vn 0.598110139 -0.102308311 -0.794856846
v 0.087028503 -0.143966675 -0.415527344
vt 0.753417969 0.464355469
vn 0.568075001 -0.063119449 -0.820552766
v 0.111892700 -0.115333557 -0.403381348
vt 0.765625000 0.464599609
vn 0.645269334 -0.031476554 -0.763306439
v 0.071205139 -0.110198975 -0.428222656
vt 0.750732422 0.452148438
vn 0.589747369 -0.094359569 -0.802056313
v 0.190261841 -0.064155579 -0.338745117
vt 0.822509766 0.470214844
vn 0.614726126 -0.031524416 -0.788110435
v 0.243972778 -0.068351746 -0.295745850
vt 0.846923828 0.483398438
vn 0.588620126 -0.007848268 -0.808371603
v 0.218933105 -0.022579193 -0.314819336
vt 0.844238281 0.464843750
vn 0.675159097 -0.211968556 -0.706561863
v 0.126296997 0.007717133 -0.386749268
vt 0.804687500 0.426025391
vn 0.653948903 0.015757805 -0.756374598
v 0.075119019 0.000680745 -0.434509277
vt 0.778320312 0.410400391
vn 0.652391553 0.070741251 -0.754573405
v 0.093971252 0.077507019 -0.412109375
vt 0.806152344 0.393066406
vn 0.596578658 0.054948032 -0.800671279
v 0.169204712 -0.069770813 -0.353637695
vt 0.810058594 0.465576172
vn 0.601265073 0.000000000 -0.799049616
v 0.179199219 -0.051677704 -0.345489502
vt 0.819091797 0.459960938
vn 0.597020328 0.039277650 -0.801264048
v 0.179138184 0.034385681 -0.343841553
vt 0.834472656 0.428955078
vn 0.577350259 -0.055362351 -0.814617455
v 0.214981079 -0.000460654 -0.313995361
vt 0.845458984 0.446044922
vn 0.370480925 0.110356018 -0.922260940
v 0.183776855 -0.054870605 -0.352905273
vt 0.823974609 0.461669922
vn -0.141732275 0.417322844 -0.897637784
v 0.221847534 0.000483423 -0.321868896
vt 0.853271484 0.447021484
vn 0.346930265 -0.118271679 -0.930403829
v 0.192474365 -0.064750671 -0.346160889
vt 0.826171875 0.465332031
vn 0.772612154 -0.268049091 -0.575517237
v 0.224121094 -0.019807816 -0.319488525
vt 0.845458984 0.458740234
vn 0.513453126 -0.315971136 -0.797827125
vt 0.093750000 0.001220703
vt 0.132812500 0.047607422
vt 0.091796875 0.109863281
vt 0.565917969 0.007568359
vt 0.541259766 0.014648438
vt 0.518554688 0.003173828
v 0.190948486 0.154129028 -0.145690918
vt 0.574462891 0.021728516
vn -0.039309196 0.998453617 0.039309196
vt 0.559082031 0.061279297
v 0.101547241 0.157379150 -0.212768555
vt 0.596679688 0.063476562
v 0.204879761 0.158325195 -0.194046021
vt 0.599609375 0.017822266
vn 0.047189999 0.998854995 0.007865000
v 0.160369873 0.157302856 -0.225128174
vt 0.616455078 0.043457031
vn 0.055027775 0.998361051 -0.015722221
v 0.193038940 0.157775879 -0.230728149
vt 0.615966797 0.023925781
vn -0.031597115 0.955812752 -0.292273313
v 0.200836182 0.149810791 -0.266326904
vt 0.629882812 0.014160156
vn 0.456636280 0.881780446 -0.118095599
v 0.164611816 0.145721436 -0.226715088
vt 0.621582031 0.041503906
vn 0.368891358 0.926152766 -0.078487523
v 0.184082031 0.157485962 -0.291198730
vt 0.640136719 0.061279297
vn 0.463991910 0.849341154 0.251656622
v 0.191268921 0.151870728 -0.236038208
vt 0.619628906 0.023925781
vn 0.315038770 0.945116341 0.086635664
v 0.196273804 0.146179199 -0.291015625
vt 0.640136719 0.009521484
vn -0.527020216 0.849525154 -0.023597920
v 0.172164917 0.157501221 -0.233444214
vt 0.624511719 0.034667969
vn -0.599616051 0.788968444 -0.134124637
v 0.192413330 0.157485962 -0.281311035
vt 0.635986328 0.020751953
vn 0.275070876 0.958818555 -0.070732512
vt 0.066894531 0.935546875
vt 0.066894531 0.992675781
vt 0.029541016 0.968505859
vt 0.000244141 0.712890625
vt 0.000244141 0.646728516
vt 0.019287109 0.650634766
vt 0.076904297 0.386474609
v 0.244766235 0.157638550 -0.165267944
vt 0.068603516 0.415039062
vn -0.070634410 0.996730089 -0.039241344
vt 0.040283203 0.410156250
v 0.218612671 0.158340454 -0.192520142
vt 0.047363281 0.416259766
vn -0.307143748 0.937182188 -0.165385097
v 0.207443237 0.146286011 -0.199798584
vt 0.037597656 0.415283203
vn 0.188532725 0.981941283 -0.015711060
v 0.262695312 0.158630371 -0.232086182
vt 0.046386719 0.439941406
vn 0.235818744 0.958996177 0.157212481
vt 0.094482422 0.445800781
v 0.243301392 0.145599365 -0.166519165
vt 0.063964844 0.427734375
vn 0.804047346 0.591211319 0.063062541
v 0.257385254 0.146316528 -0.221038818
vt 0.057617188 0.446044922
vn 0.720003486 0.609233737 0.332309276
v 0.271575928 0.146331787 -0.228759766
vt 0.065429688 0.459716797
vn -0.678365052 0.709916949 -0.189311191
v 0.271301270 0.159042358 -0.218658447
vt 0.070800781 0.446533203
vn -0.047338109 0.970431209 -0.236690551
v 0.277984619 0.146118164 -0.218704224
vt 0.072265625 0.456298828
vn 0.228226230 0.912904918 -0.338404417
v 0.265106201 0.157836914 -0.180282593
vt 0.078857422 0.432617188
vn 0.525397301 0.839067340 -0.141151503
v 0.268157959 0.145660400 -0.183593750
vt 0.080322266 0.440673828
vn -0.172566280 0.980490208 -0.094127059
v 0.288635254 0.151412964 -0.181945801
vt 0.087890625 0.443847656
vn 0.504061997 0.842728734 -0.189023256
v 0.271362305 0.158126831 -0.189117432
vt 0.081298828 0.445312500
vn -0.536098182 0.843566358 0.031535190
v 0.286621094 0.158599854 -0.218551636
vt 0.077392578 0.458007812
vn 0.259128541 0.942285657 -0.212014273
v 0.289428711 0.145935059 -0.221466064
vt 0.077636719 0.467773438
vn 0.141890705 0.945938110 0.291664273
v 0.297546387 0.146514893 -0.185165405
vt 0.088867188 0.448974609
vn -0.824703395 0.565510809 -0.007854317
v 0.293945312 0.158264160 -0.245193481
vt 0.085693359 0.479980469
vn 0.063017525 0.976771593 -0.204806939
vt 0.236816406 0.944824219
vt 0.248535156 0.879638672
vt 0.283691406 0.965820312
vt 0.206787109 0.904785156
v 0.109405518 0.157516479 -0.252563477
vt 0.211425781 0.928222656
v 0.105567932 0.157516479 -0.272338867
vt 0.202880859 0.917480469
vn 0.023657275 0.993605554 -0.110400617
vt 0.191162109 0.967041016
vt 0.134521484 0.790771484
vt 0.134521484 0.850830078
vt 0.121826172 0.798339844
v 0.318023682 -0.161056519 -0.243988037
vt 0.107666016 0.836425781
vn 0.502011001 -0.541230559 -0.674577236
vt 0.117431641 0.855224609
v 0.304351807 -0.065643311 -0.248153687
vt 0.059570312 0.818115234
vn 0.583455443 0.007884532 -0.812106788
v 0.341522217 -0.048557281 -0.228378296
vt 0.052734375 0.792724609
vn 0.552604735 -0.086837895 -0.828907132
v 0.300872803 -0.151107788 -0.255676270
vt 0.098632812 0.845214844
vn 0.591929078 0.039461937 -0.805023432
vt 0.070800781 0.777832031
v 0.263336182 -0.069915771 -0.279510498
vt 0.047119141 0.849365234
v 0.321777344 -0.064697266 -0.232727051
vt 0.052734375 0.807617188
vn -0.291682392 -0.875047147 0.386282057
v 0.327606201 -0.066261292 -0.244750977
vt 0.047119141 0.804443359
vn 0.681311250 -0.321077734 -0.657817781
vt 0.044189453 0.772216797
v 0.362792969 -0.022981644 -0.209777832
vt 0.048583984 0.776123047
vn 0.632198751 -0.023707453 -0.774443448
vt 0.069091797 0.772705078
v 0.283233643 -0.160644531 -0.268859863
vt 0.100585938 0.859375000
vn 0.600232840 -0.126364812 -0.789780021
vt 0.040771484 0.863769531
v 0.265472412 -0.160614014 -0.281341553
vt 0.098876953 0.870361328
vn 0.321521670 -0.846935153 -0.423467577
vt 0.093750000 0.887451172
vt 0.089111328 0.880615234
vt 0.074462891 0.889892578
vt 0.995117188 0.308837891
vt 0.994628906 0.328613281
v 0.218154907 0.146423340 -0.192321777
vt 0.992431641 0.318115234
vn -0.590313375 0.739859402 -0.322704613
v 0.243225098 0.146453857 -0.264099121
vt 0.967285156 0.310546875
vn -0.699185312 0.699185312 -0.149264276
v 0.233795166 0.146331787 -0.267730713
vt 0.968994141 0.306884766
vn 0.841867566 0.377660215 0.385528117
v 0.212829590 0.158264160 -0.209457397
vt 0.987060547 0.296142578
vn 0.455691040 0.832814693 0.314269692
v 0.233612061 0.157699585 -0.267791748
vt 0.960205078 0.302734375
vn 0.260359585 0.946762204 0.189352438
v 0.210693359 0.157684326 -0.264251709
vt 0.965576172 0.292724609
vn -0.635494471 0.768869817 0.070610493
v 0.201217651 0.157135010 -0.292785645
vt 0.959472656 0.277099609
vn -0.054926038 0.996515274 0.062772617
v 0.243515015 0.157516479 -0.264434814
vt 0.957519531 0.312011719
vn -0.212335289 0.975169480 -0.062914155
v 0.276794434 0.157669067 -0.259948730
vt 0.945068359 0.325439453
vn 0.362699807 0.788477838 -0.496741027
vt 0.954589844 0.328857422
vt 0.940185547 0.334472656
vt 0.945800781 0.342773438
vt 0.953125000 0.335205078
vt 0.949462891 0.342529297
vt 0.911376953 0.927490234
vt 0.894287109 0.900634766
vt 0.917480469 0.907714844
vt 0.886962891 0.924072266
vt 0.917724609 0.937744141
v 0.232574463 0.132888794 -0.308563232
vt 0.948242188 0.946777344
vn 0.581955969 0.133692577 -0.802155495
v 0.311706543 0.057308197 -0.247894287
vt 0.951171875 0.892089844
v 0.265808105 0.057403564 -0.282806396
vt 0.970947266 0.913574219
vn 0.574233830 -0.031464867 -0.818086505
v 0.250854492 0.021566391 -0.292907715
vt 0.985595703 0.907958984
vn 0.564901352 -0.047075115 -0.823814571
v 0.242156982 0.018678665 -0.298004150
vt 0.989257812 0.908935547
vn 0.449236870 -0.070932135 -0.890592396
vt 0.995849609 0.242431641
vt 0.992187500 0.246093750
vt 0.988037109 0.244628906
v 0.327819824 0.010698318 -0.244232178
vt 0.992675781 0.270996094
vn -0.023536831 0.149066612 -0.988546968
v 0.319213867 0.015319824 -0.239028931
vt 0.987304688 0.270751953
vn 0.541130722 -0.054897320 -0.839144766
vt 0.977294922 0.242431641
v 0.321807861 0.057647705 -0.241058350
vt 0.969482422 0.262939453
vn 0.559714794 -0.039416537 -0.827747285
vt 0.967041016 0.268310547
vt 0.939453125 0.249267578
vt 0.978515625 0.229980469
v 0.361816406 -0.009524345 -0.207855225
vt 0.062011719 0.729492188
vn 0.662815988 0.102578662 -0.741722643
vt 0.078613281 0.739501953
vt 0.053955078 0.730468750
v 0.342742920 0.009317398 -0.233673096
vt 0.074951172 0.716064453
vn 0.741353512 0.031546958 -0.670372784
v 0.354003906 -0.014781952 -0.226501465
vt 0.059082031 0.716796875
vn 0.306308985 0.180643767 -0.934635103
vt 0.029052734 0.704101562
vt 0.083251953 0.710693359
vt 0.084472656 0.732666016
v 0.347869873 -0.014623642 -0.219238281
vt 0.061279297 0.712158203
vn 0.267451316 -0.086528376 -0.959678292
vt 0.081542969 0.700439453
v 0.315124512 -0.058132172 -0.252288818
vt 0.037597656 0.695800781
vn -0.015728539 0.133692577 -0.990898013
vt 0.028808594 0.693603516
v 0.310668945 -0.055004120 -0.243011475
vt 0.041992188 0.690185547
vn 0.450371295 0.118518762 -0.884940088
vt 0.102294922 0.689453125
vt 0.036621094 0.684326172
vt 0.032958984 0.654541016
vt 0.087158203 0.638671875
vt 0.971923828 0.362060547
vt 0.948242188 0.360351562
vt 0.973876953 0.353759766
v 0.210494995 0.146438599 -0.264831543
vt 0.947753906 0.354003906
vn -0.630410016 0.772252262 0.078801252
vt 0.947265625 0.348144531
vt 0.977294922 0.348876953
vt 0.045166016 1.000000000
vt 0.027587891 1.000000000
vt 0.029296875 0.994140625
vt 0.205322266 0.866699219
v 0.183425903 0.146286011 -0.289062500
vt 0.205322266 0.860107422
vn 0.637124121 0.700049996 0.322494924
vt 0.254150391 0.857910156
vt 0.194335938 0.852783203
vt 0.222900391 0.885986328
vt 0.223632812 0.879394531
vt 0.214111328 0.892578125
vt 0.200439453 0.868652344
v 0.153793335 0.157379150 -0.300811768
vt 0.174804688 0.843261719
vn -0.125968635 0.992002964 0.007873040
vt 0.100585938 0.889648438
vt 0.180664062 0.786132812
vt 0.139648438 0.790283203
vt 0.028808594 0.987792969
vt 0.034423828 0.983642578
vt 0.060791016 0.996826172
vt 0.031738281 0.443359375
vt 0.034912109 0.454589844
vt 0.011962891 0.480957031
vt 0.070556641 0.472412109
vt 0.268310547 0.359619141
vt 0.274902344 0.383544922
v -0.235214233 -0.068496704 -0.295898438
vt 0.262695312 0.391601562
vn -0.647034645 0.086797334 -0.757503986
v -0.236740112 -0.132369995 -0.315612793
vt 0.251220703 0.371826172
vn -0.676829696 0.078701131 -0.731920481
v -0.212493896 -0.064224243 -0.318145752
vt 0.250976562 0.395996094
vn -0.700743973 0.133849964 -0.700743973
v -0.243850708 -0.149368286 -0.300109863
vt 0.251220703 0.361572266
vn -0.561111450 -0.561111450 -0.608529389
vt 0.261718750 0.347900391
v -0.197555542 -0.064796448 -0.335113525
vt 0.241943359 0.396728516
vn -0.588276029 0.117655210 -0.800055385
v -0.210800171 -0.060127258 -0.324096680
vt 0.249755859 0.397949219
vn -0.948880970 0.282311678 -0.141155839
v -0.207275391 -0.063667297 -0.333374023
vt 0.245605469 0.399169922
vn -0.346897930 -0.268057466 -0.898780942
v -0.174728394 -0.150009155 -0.360076904
vt 0.219726562 0.373046875
vn -0.574714124 -0.110219136 -0.810897887
v -0.159484863 -0.160827637 -0.356231689
vt 0.215820312 0.367187500
vn -0.047098316 -0.996914387 -0.062797755
vt 0.198730469 0.276611328
v -0.137908936 -0.116111755 -0.382873535
vt 0.206298828 0.389160156
vn -0.574073970 0.039320134 -0.817858756
v -0.149139404 -0.068885803 -0.367736816
vt 0.217773438 0.405517578
vn -0.599392176 0.078867391 -0.796560645
v -0.092849731 -0.161331177 -0.411285400
vt 0.182617188 0.370849609
vn -0.212690786 -0.937414885 -0.275710255
vt 0.097656250 0.303710938
vt 0.094726562 0.328125000
vt 0.088623047 0.340820312
v -0.036254883 -0.161270142 -0.462005615
vt 0.151123047 0.377441406
vn -0.063125335 -0.994224012 -0.086797334
vt 0.108398438 0.372070312
v -0.081100464 -0.112045288 -0.424530029
vt 0.181640625 0.395263672
vn -0.600964248 0.031629696 -0.798649848
v -0.125488281 -0.069938660 -0.389190674
vt 0.205566406 0.407470703
vn -0.622162998 0.070879325 -0.779672623
v -0.130279541 -0.060554504 -0.378204346
vt 0.210449219 0.409667969
vn -0.401313633 0.141640097 -0.904922903
v -0.144424438 -0.016229630 -0.369232178
vt 0.214355469 0.431884766
vn -0.637005866 -0.015728539 -0.770698428
v -0.164505005 -0.004173756 -0.352111816
vt 0.222656250 0.439453125
vn -0.062921949 0.117978655 -0.991020679
v -0.144989014 0.046794891 -0.370239258
vt 0.213134766 0.459228516
vn -0.605361640 -0.055032875 -0.794045746
v -0.097984314 -0.024145126 -0.404754639
vt 0.193847656 0.429443359
vn -0.623712301 0.007895092 -0.781614125
v -0.098480225 0.032852173 -0.407653809
vt 0.192138672 0.452880859
vn -0.643181801 -0.086280487 -0.760836959
v -0.130767822 0.084861755 -0.386535645
vt 0.204101562 0.474853516
vn -0.639701903 -0.126360863 -0.758165240
v -0.080001831 0.113609314 -0.438049316
vt 0.176513672 0.484863281
vn -0.636121273 -0.054973446 -0.769628227
v -0.034805298 0.035400391 -0.462219238
vt 0.161376953 0.454345703
vn -0.647458136 -0.078958310 -0.757999778
v -0.036209106 -0.043666840 -0.456115723
vt 0.162841797 0.425292969
vn -0.619726956 -0.023533935 -0.784464478
v -0.015598297 0.107223511 -0.487609863
vt 0.145996094 0.480712891
vn -0.456579685 0.015744127 -0.889543176
v -0.050971985 0.138824463 -0.449829102
vt 0.164062500 0.495605469
vn -0.504187167 0.504187167 -0.701135278
v -0.000455022 -0.013927460 -0.488708496
vt 0.141357422 0.436767578
vn -0.292191297 -0.039485309 -0.955544472
v 0.003925800 -0.079734802 -0.481842041
vt 0.145507812 0.415771484
vn -0.472206771 0.007870113 -0.881452620
v -0.006330013 -0.129699707 -0.482940674
vt 0.148681641 0.398193359
vn -0.558414996 0.078649998 -0.825825036
v -0.015287399 0.132904053 -0.480926514
vt 0.144042969 0.489990234
vn 0.418231398 0.291972876 -0.860136271
vt 0.146728516 0.502929688
v 0.004645348 0.088050842 -0.475463867
vt 0.134277344 0.472412109
vn 0.568340361 0.126297861 -0.813042521
vt 0.126220703 0.510009766
v 0.080482483 0.139587402 -0.421020508
vt 0.102539062 0.501464844
vn 0.550226748 0.204369947 -0.809619367
vt 0.106689453 0.514160156
vt 0.092773438 0.476562500
vt 0.101318359 0.444335938
v 0.019577026 -0.037765503 -0.479888916
vt 0.130615234 0.424316406
vn 0.559523582 -0.047283687 -0.827464521
v 0.035808563 -0.002126694 -0.471435547
vt 0.121582031 0.436767578
vn 0.597481310 0.000000000 -0.801882803
vt 0.087646484 0.398437500
vt 0.103759766 0.394531250
v 0.001401424 -0.152465820 -0.484283447
vt 0.143066406 0.394042969
vn 0.323507279 -0.268274337 -0.907398462
v 0.025754929 -0.162414551 -0.461120605
vt 0.128173828 0.383300781
vn 0.612825871 -0.235702276 -0.754247248
v 0.048267365 -0.160278320 -0.445312500
vt 0.119140625 0.378173828
vn 0.481195897 -0.591634274 -0.646853447
vt 0.100341797 0.379394531
v 0.254333496 -0.068397522 -0.282104492
vt 0.048339844 0.250244141
vn 0.895558000 0.298519343 -0.329942405
v 0.246780396 -0.037441254 -0.286346436
vt 0.059326172 0.276367188
vn 0.449474245 -0.063084103 -0.891062975
vt 0.042724609 0.253173828
vt 0.062744141 0.310058594
vt 0.067138672 0.304443359
vt 0.053955078 0.239990234
v 0.224334717 -0.011914253 -0.306640625
vt 0.076416016 0.282714844
vn 0.898222804 0.110308066 -0.425473958
v 0.239273071 0.005534172 -0.294281006
vt 0.072265625 0.298339844
vn 0.919295549 0.023571681 -0.392861336
v 0.215576172 0.054958344 -0.314605713
vt 0.055664062 0.336669922
vn 0.577784121 -0.039574254 -0.815229654
v 0.229858398 -0.011637688 -0.315399170
vt 0.081787109 0.280517578
vn 0.958256423 0.102109283 -0.267055064
v 0.249893188 -0.069320679 -0.297332764
vt 0.054443359 0.246093750
vn 0.748565376 -0.039398178 -0.661889374
vt 0.084228516 0.273681641
vt 0.086181641 0.271972656
vt 0.092773438 0.281738281
v 0.239730835 0.000964344 -0.308746338
vt 0.082031250 0.292480469
vn 0.794955254 0.236125335 -0.558829904
v 0.224182129 0.052173615 -0.323669434
vt 0.091064453 0.315917969
vn 0.510483384 0.141364634 -0.848187864
v 0.191162109 0.047115326 -0.348724365
vt 0.139648438 0.281250000
vn 0.686744630 0.410468042 -0.599914908
v 0.226699829 0.005758286 -0.301879883
vt 0.091064453 0.296142578
vn 0.551608741 0.315205008 -0.772252262
v -0.242965698 0.018167496 -0.288574219
vt 0.790039062 0.846191406
vn -0.622162998 -0.070879325 -0.779672623
vt 0.777343750 0.850341797
vt 0.781738281 0.829345703
vt 0.760986328 0.869384766
vt 0.773193359 0.872070312
v -0.220581055 -0.011944771 -0.305847168
vt 0.791992188 0.859619141
vn -0.683136106 -0.007852139 -0.730248988
v -0.194107056 -0.018663406 -0.333648682
vt 0.780273438 0.869873047
vn -0.629843175 -0.141714707 -0.763684809
v -0.226135254 -0.014084816 -0.311737061
vt 0.791748047 0.863769531
vn -0.722641826 0.000000000 -0.691222668
v -0.192062378 -0.007299900 -0.335784912
vt 0.801025391 0.863037109
vn -0.621392667 0.086523034 -0.778707206
v -0.210494995 0.043922424 -0.320404053
vt 0.809814453 0.845214844
vn -0.619955957 -0.109865613 -0.776906848
v -0.232803345 0.072837830 -0.313903809
vt 0.805419922 0.828125000
vn -0.615089178 -0.110400617 -0.780690074
vt 0.785644531 0.796630859
v -0.199539185 0.029335022 -0.326141357
vt 0.811523438 0.852783203
vn -0.865953863 -0.440849245 -0.236169249
v -0.176422119 -0.011784554 -0.343688965
vt 0.801025391 0.870849609
vn -0.833818972 0.039331082 -0.550635099
v -0.214614868 0.044666290 -0.328125000
vt 0.814697266 0.848876953
vn -0.903023839 -0.369061917 -0.219866678
v -0.180511475 -0.009733200 -0.352966309
vt 0.829345703 0.868896484
vn -0.919097006 -0.031422120 -0.392776519
v -0.206924438 0.052062988 -0.334045410
vt 0.817871094 0.846923828
vn -0.165905550 0.466115594 -0.869029105
v -0.178161621 0.005355835 -0.356018066
vt 0.835205078 0.862548828
vn -0.663705111 0.387161344 -0.640001416
v -0.171813965 0.006895065 -0.347259521
vt 0.836914062 0.858886719
vn -0.435003549 0.348002851 -0.830461323
v -0.198043823 0.049270630 -0.327178955
vt 0.819091797 0.842773438
vn -0.534704208 0.078632973 -0.841372848
v -0.154266357 0.049953461 -0.362518311
vt 0.843261719 0.843994141
vn -0.707084954 -0.007856499 -0.707084954
v -0.183212280 0.080307007 -0.340393066
vt 0.828369141 0.830566406
vn -0.588276029 -0.117655210 -0.800055385
v -0.219512939 0.135955811 -0.323455811
vt 0.814941406 0.800537109
vn -0.590899348 0.070907913 -0.803623021
vt 0.802246094 0.786132812
vt 0.834716797 0.791748047
v -0.161407471 0.139968872 -0.372161865
vt 0.845458984 0.804687500
vn -0.645569205 -0.007872796 -0.763661146
v -0.167999268 0.088592529 -0.360626221
vt 0.839843750 0.826904297
vn -0.647498488 -0.134237483 -0.750150681
vt 0.860351562 0.828857422
v -0.129318237 0.137054443 -0.398071289
vt 0.862792969 0.804199219
vn -0.568181098 0.339330375 -0.749683440
vt 0.850830078 0.842041016
v -0.152008057 0.048744202 -0.373931885
vt 0.849853516 0.843994141
vn -0.180404648 -0.078436799 -0.980460048
vt 0.850341797 0.856933594
vt 0.889648438 0.812988281
vt 0.885986328 0.788330078
vt 0.902832031 0.800537109
vt 0.918457031 0.789306641
v 0.109825134 0.147186279 -0.278442383
vt 0.590576172 0.862060547
vn 0.110345736 0.993111670 -0.039409194
vt 0.603759766 0.873046875
v 0.148391724 0.149261475 -0.303344727
vt 0.559570312 0.857421875
vn -0.307048559 0.913272560 -0.267683327
vt 0.547607422 0.863037109
v 0.124633789 0.150650024 -0.333251953
vt 0.568603516 0.821044922
vn -0.165740132 0.970763624 -0.173632517
v 0.134445190 0.152389526 -0.323791504
vt 0.564208984 0.837402344
vn 0.055034574 0.998484433 0.000000000
v 0.123481750 0.146438599 -0.355010986
vt 0.553222656 0.825439453
vn -0.189399585 0.915431321 0.355124235
v 0.089904785 0.145736694 -0.278503418
vt 0.568115234 0.768554688
vn 0.647377372 0.742115557 0.173686624
vt 0.543212891 0.823242188
vt 0.191894531 0.533935547
vt 0.132568359 0.545166016
vt 0.141357422 0.536132812
vt 0.134765625 0.550048828
vt 0.085205078 0.597167969
vt 0.075195312 0.496337891
v 0.168655396 0.158828735 -0.337646484
vt 0.662109375 0.770751953
vn 0.385385007 0.762905002 -0.519089997
vt 0.677734375 0.735351562
vt 0.740478516 0.735595703
vt 0.628417969 0.775146484
vt 0.715820312 0.785156250
vt 0.579833984 0.811279297
v 0.150085449 0.131195068 -0.370330811
vt 0.646728516 0.808593750
vn 0.583909333 0.220938668 -0.781175971
vt 0.582031250 0.828857422
v 0.138366699 0.089317322 -0.376647949
vt 0.644775391 0.840332031
vn 0.615012705 -0.007884778 -0.788477838
vt 0.604736328 0.861328125
v 0.190567017 0.094078064 -0.336669922
vt 0.694091797 0.832763672
vn 0.591726363 -0.047338109 -0.804747820
v 0.181396484 0.051364899 -0.344451904
vt 0.684326172 0.854736328
vn 0.653037429 0.055075448 -0.755320430
vt 0.761474609 0.832763672
vt 0.726318359 0.857177734
vt 0.756835938 0.863037109
vt 0.127197266 0.978027344
vt 0.126464844 0.969238281
vt 0.168457031 0.995605469
vt 0.083740234 0.992675781
vt 0.109130859 0.936279297
vt 0.129394531 0.925781250
vt 0.097412109 0.936767578
vt 0.100830078 0.926513672
vt 0.967041016 0.432128906
vt 0.985351562 0.446044922
vt 0.964355469 0.444580078
v -0.207061768 -0.057987213 -0.321044922
vt 0.965820312 0.447998047
vn -0.789140403 0.213067919 -0.576072514
vt 0.960937500 0.449951172
vt 0.928466797 0.992675781
vt 0.961669922 0.992675781
vt 0.928710938 0.998535156
vt 0.799072266 0.999755859
vt 0.797607422 0.992919922
v -0.189941406 -0.048023224 -0.335906982
vt 0.808349609 0.988769531
vn -0.481091112 -0.126187831 -0.867541313
v -0.202850342 -0.064132690 -0.326110840
vt 0.805175781 0.997070312
vn -0.558622360 0.605829954 -0.566490293
vt 0.809570312 0.995849609
vt 0.832275391 0.994384766
v -0.153900146 -0.045932770 -0.362335205
vt 0.823486328 0.985107422
vn -0.747452497 -0.212433875 -0.629433692
v -0.174179077 -0.017990112 -0.354888916
vt 0.814453125 0.973632812
vn -0.599317670 -0.260230035 -0.757032812
v -0.148773193 -0.065658569 -0.378936768
vt 0.832275391 0.988525391
vn -0.872286797 -0.345771372 -0.345771372
v -0.138519287 -0.060569763 -0.386840820
vt 0.835693359 0.986328125
vn -0.055101033 0.244018868 -0.968203902
vt 0.841308594 0.986083984
vt 0.817138672 0.962402344
vt 0.808593750 0.967285156
vt 0.792236328 0.991455078
v -0.172027588 -0.004198074 -0.360107422
vt 0.813476562 0.964599609
vn -0.141382083 0.023563681 -0.989674628
vt 0.790283203 0.989257812
vt 0.819580078 0.941406250
vt 0.822021484 0.941406250
vt 0.811035156 0.961425781
vt 0.803466797 0.969238281
vt 0.802734375 0.958251953
vt 0.792968750 0.970703125
vt 0.776855469 0.976562500
vt 0.795898438 0.967529297
vt 0.780761719 0.968017578
vt 0.961669922 0.337402344
vt 0.960937500 0.342773438
vt 0.958984375 0.339355469
vt 0.958984375 0.334960938
vt 0.958496094 0.343017578
vt 0.956054688 0.343750000
vt 0.021972656 0.284667969
vt 0.044677734 0.277343750
vt 0.047119141 0.284179688
vt 0.987548828 0.541748047
vt 1.000000000 0.485107422
vt 0.999023438 0.535400391
vt 0.941406250 0.510009766
vt 0.968261719 0.454345703
vt 0.029296875 0.360351562
vt 0.027587891 0.356201172
vt 0.045166016 0.347900391
f 1/1/1 2/2/2 3/3/3
f 2/2/2 1/1/1 4/4/4
f 1/1/1 3/3/3 5/5/5
f 4/4/4 1/1/1 6/6/6
f 6/6/6 1/1/1 5/5/5
f 5/5/5 3/3/3 7/7/7
f 3/3/3 2/2/2 8/8/8
f 3/3/3 8/8/8 9/9/9
f 9/9/9 8/8/8 10/10/10
f 3/3/3 9/9/9 11/11/11
f 3/3/3 11/11/11 7/7/7
f 11/11/11 9/9/9 12/12/12
f 11/11/11 12/12/12 13/13/13
f 11/11/11 13/13/13 14/14/14
f 11/11/11 14/14/14 15/15/15
f 11/11/11 15/15/15 7/7/7
f 16/16/16 10/10/10 8/8/8
f 16/16/16 8/8/8 2/2/2
f 10/10/10 16/16/16 17/17/17
f 10/10/10 17/17/17 18/18/18
f 16/16/16 2/2/2 19/19/19
f 16/16/16 19/19/19 17/17/17
f 18/18/18 17/17/17 20/20/20
f 20/20/20 17/17/17 19/19/19
f 18/18/18 20/20/20 21/21/21
f 21/21/21 20/20/20 22/22/22
f 21/21/21 22/22/22 23/23/23
f 23/23/23 22/22/22 24/24/24
f 23/23/23 24/24/24 25/25/25
f 24/24/24 22/22/22 26/26/26
f 24/24/24 26/26/26 25/25/25
f 26/26/26 22/22/22 27/27/27
f 26/26/26 27/27/27 25/25/25
f 27/27/27 22/22/22 20/20/20
f 25/25/25 27/27/27 28/28/28
f 28/28/28 27/27/27 20/20/20
f 28/28/28 20/20/20 19/19/19
f 28/28/28 19/19/19 29/29/29
f 30/30/30 31/31/31 29/29/29
f 30/30/30 29/29/29 32/32/32
f 32/32/32 29/29/29 19/19/19
f 30/30/30 32/32/32 33/33/33
f 34/34/34 35/35/35 33/33/33
f 34/34/34 33/33/33 32/32/32
f 36/36/36 37/37/37 34/34/34
f 36/36/36 34/34/34 32/32/32
f 36/36/36 32/32/32 38/38/38
f 32/32/32 19/19/19 39/39/39
f 39/39/39 19/19/19 2/2/2
f 39/39/39 2/2/2 4/4/4
f 32/32/32 39/39/39 40/40/40
f 40/40/40 39/39/39 4/4/4
f 32/32/32 40/40/40 41/41/41
f 41/41/41 40/40/40 4/4/4
f 32/32/32 41/41/41 38/38/38
f 41/41/41 4/4/4 42/42/42
f 41/41/41 42/42/42 38/38/38
f 42/42/42 4/4/4 6/6/6
f 38/38/38 42/42/42 43/43/43
f 43/43/43 42/42/42 6/6/6
f 38/38/38 43/43/43 44/44/44
f 43/43/43 6/6/6 45/45/45
f 43/43/43 45/45/45 44/44/44
f 38/38/38 44/44/44 46/46/46
f 45/45/45 6/6/6 47/47/47
f 45/45/45 47/47/47 44/44/44
f 47/47/47 6/6/6 5/5/5
f 46/46/46 44/44/44 48/48/48
f 48/48/48 44/44/44 47/47/47
f 46/46/46 48/48/48 49/49/49
f 48/48/48 47/47/47 50/50/50
f 48/48/48 50/50/50 49/49/49
f 50/50/50 47/47/47 5/5/5
f 49/49/49 50/50/50 51/51/51
f 50/50/50 5/5/5 52/52/52
f 50/50/50 52/52/52 51/51/51
f 52/52/52 5/5/5 7/7/7
f 51/51/51 52/52/52 53/53/53
f 53/53/53 52/52/52 54/54/54
f 54/54/54 52/52/52 7/7/7
f 53/53/53 54/54/54 55/55/55
f 55/55/55 54/54/54 56/56/56
f 55/55/55 56/56/56 57/57/57
f 54/54/54 7/7/7 58/58/58
f 54/54/54 58/58/58 56/56/56
f 56/56/56 58/58/58 57/57/57
f 58/58/58 7/7/7 15/15/15
f 58/58/58 15/15/15 57/57/57
f 57/57/57 15/15/15 59/59/59
f 60/60/60 61/61/61 62/62/62
f 61/61/61 60/60/60 63/63/63
f 63/63/63 60/60/60 64/64/64
f 61/61/61 63/63/63 65/65/65
f 65/65/65 63/63/63 66/66/66
f 61/61/61 65/65/65 67/67/67
f 61/61/61 67/67/67 62/62/62
f 62/62/62 67/67/67 68/68/68
f 68/68/68 67/67/67 69/69/69
f 70/70/70 60/60/60 62/62/62
f 60/60/60 70/70/70 71/71/71
f 70/70/70 62/62/62 72/72/72
f 72/72/72 62/62/62 68/68/68
f 70/70/70 72/72/72 73/73/73
f 73/73/73 72/72/72 68/68/68
f 74/74/74 68/68/68 75/75/75
f 68/68/68 74/74/74 76/76/76
f 68/68/68 76/76/76 73/73/73
f 76/76/76 74/74/74 77/77/77
f 77/77/77 74/74/74 78/78/78
f 70/70/70 73/73/73 79/79/79
f 76/76/76 77/77/77 80/80/80
f 73/73/73 76/76/76 81/81/81
f 81/81/81 76/76/76 80/80/80
f 73/73/73 81/81/81 82/82/82
f 73/73/73 82/82/82 79/79/79
f 70/70/70 79/79/79 83/83/83
f 80/80/80 77/77/77 84/84/84
f 84/84/84 77/77/77 85/85/85
f 81/81/81 80/80/80 86/86/86
f 86/86/86 80/80/80 84/84/84
f 81/81/81 86/86/86 87/87/87
f 81/81/81 87/87/87 82/82/82
f 86/86/86 84/84/84 88/88/88
f 87/87/87 86/86/86 89/89/89
f 87/87/87 89/89/89 82/82/82
f 89/89/89 86/86/86 88/88/88
f 82/82/82 89/89/89 90/90/90
f 90/90/90 89/89/89 88/88/88
f 88/88/88 84/84/84 91/91/91
f 82/82/82 90/90/90 92/92/92
f 82/82/82 92/92/92 79/79/79
f 90/90/90 88/88/88 93/93/93
f 93/93/93 88/88/88 94/94/94
f 93/93/93 94/94/94 90/90/90
f 94/94/94 88/88/88 91/91/91
f 94/94/94 91/91/91 90/90/90
f 92/92/92 90/90/90 95/95/95
f 95/95/95 90/90/90 91/91/91
f 96/96/96 79/79/79 92/92/92
f 96/96/96 92/92/92 95/95/95
f 79/79/79 96/96/96 83/83/83
f 95/95/95 91/91/91 97/97/97
f 97/97/97 91/91/91 85/98/85
f 95/95/95 97/97/97 98/99/98
f 98/99/98 97/97/97 85/98/85
f 96/96/96 95/95/95 99/100/99
f 99/100/99 95/95/95 98/99/98
f 83/83/83 96/96/96 100/101/100
f 100/101/100 96/96/96 99/100/99
f 28/102/28 29/103/29 83/83/83
f 28/102/28 83/83/83 100/101/100
f 98/99/98 85/98/85 101/104/101
f 98/99/98 101/104/101 99/100/99
f 99/100/99 101/104/101 100/101/100
f 101/104/101 85/98/85 102/105/102
f 101/104/101 102/105/102 103/106/103
f 103/106/103 102/105/102 104/107/104
f 101/104/101 103/106/103 105/108/105
f 105/108/105 103/106/103 104/107/104
f 100/101/100 101/104/101 106/109/106
f 106/109/106 101/104/101 105/108/105
f 107/110/107 28/102/28 100/101/100
f 107/110/107 100/101/100 106/109/106
f 28/102/28 107/110/107 25/111/25
f 25/111/25 107/110/107 108/112/108
f 25/111/25 108/112/108 109/113/109
f 110/114/110 109/113/109 104/107/104
f 108/112/108 107/110/107 111/115/111
f 111/115/111 107/110/107 106/109/106
f 108/112/108 111/115/111 109/113/109
f 109/113/109 111/115/111 104/107/104
f 111/115/111 106/109/106 105/108/105
f 111/115/111 105/108/105 104/107/104
f 25/116/25 109/117/109 23/118/23
f 67/119/67 112/120/112 69/121/69
f 112/120/112 67/119/67 65/122/65
f 69/121/69 112/120/112 113/123/113
f 69/121/69 113/123/113 114/124/114
f 69/121/69 114/124/114 68/125/68
f 68/125/68 114/124/114 75/126/75
f 114/124/114 113/123/113 115/127/115
f 115/127/115 113/123/113 112/120/112
f 114/124/114 115/127/115 116/128/116
f 115/127/115 112/120/112 117/129/117
f 117/129/117 112/120/112 118/130/118
f 117/129/117 118/130/118 119/131/119
f 118/130/118 112/120/112 120/132/120
f 120/132/120 112/120/112 65/122/65
f 118/130/118 120/132/120 121/133/121
f 121/133/121 120/132/120 65/122/65
f 121/133/121 65/122/65 66/134/66
f 121/133/121 66/134/66 122/135/122
f 123/136/123 116/128/116 115/127/115
f 116/128/116 123/136/123 124/137/124
f 116/128/116 124/137/124 125/138/125
f 125/138/125 124/137/124 126/139/126
f 124/137/124 123/136/123 127/140/127
f 126/139/126 124/137/124 128/141/128
f 128/141/128 124/137/124 127/140/127
f 126/139/126 128/141/128 129/142/129
f 127/140/127 123/136/123 130/143/130
f 130/143/130 123/136/123 131/144/131
f 130/143/130 131/144/131 132/145/132
f 132/145/132 131/144/131 133/146/133
f 127/140/127 130/143/130 134/147/134
f 127/140/127 134/147/134 135/148/135
f 128/141/128 127/140/127 136/149/136
f 136/149/136 127/140/127 135/148/135
f 128/141/128 136/149/136 129/142/129
f 137/150/137 135/148/135 129/142/129
f 137/150/137 129/142/129 136/149/136
f 136/149/136 135/148/135 138/151/138
f 138/151/138 135/148/135 137/150/137
f 138/151/138 137/150/137 136/149/136
f 109/152/109 139/153/139 23/154/23
f 10/155/10 140/156/140 141/157/141
f 10/155/10 141/157/141 9/158/9
f 9/158/9 141/157/141 12/159/12
f 12/159/12 141/157/141 13/160/13
f 13/160/13 141/157/141 142/161/142
f 13/160/13 142/161/142 143/162/143
f 142/161/142 141/157/141 140/156/140
f 142/161/142 140/156/140 144/163/144
f 145/164/145 140/156/140 10/155/10
f 146/165/146 140/156/140 147/166/147
f 147/166/147 140/156/140 145/164/145
f 147/166/147 145/164/145 139/167/139
f 145/164/145 10/155/10 148/168/148
f 148/168/148 10/155/10 18/169/18
f 148/168/148 18/169/18 21/170/21
f 139/167/139 145/164/145 149/171/149
f 139/167/139 149/171/149 23/172/23
f 145/164/145 148/168/148 150/173/150
f 145/164/145 150/173/150 149/171/149
f 148/168/148 21/170/21 151/174/151
f 151/174/151 21/170/21 23/172/23
f 148/168/148 151/174/151 150/173/150
f 23/172/23 149/171/149 152/175/152
f 152/175/152 149/171/149 150/173/150
f 23/172/23 152/175/152 151/174/151
f 151/174/151 152/175/152 150/173/150
f 84/176/84 85/177/85 91/178/91
f 109/179/109 110/180/110 139/181/139
f 139/181/139 110/180/110 102/182/102
f 102/182/102 110/180/110 104/183/104
f 139/181/139 102/182/102 146/184/146
f 139/181/139 146/184/146 147/185/147
f 146/184/146 102/182/102 85/186/85
f 85/187/85 75/188/75 114/189/114
f 75/188/75 85/187/85 78/190/78
f 78/190/78 85/187/85 77/191/77
f 75/188/75 78/190/78 74/192/74
f 146/193/146 114/194/114 140/195/140
f 114/194/114 146/193/146 85/196/85
f 83/197/83 29/198/29 31/199/31
f 83/197/83 31/199/31 153/200/153
f 83/197/83 153/200/153 154/201/154
f 83/197/83 154/201/154 70/202/70
f 70/202/70 154/201/154 155/203/155
f 155/203/155 154/201/154 156/204/156
f 155/203/155 156/204/156 157/205/157
f 156/204/156 154/201/154 158/206/158
f 158/206/158 154/201/154 159/207/159
f 158/206/158 159/207/159 156/204/156
f 159/207/159 154/201/154 153/200/153
f 157/205/157 156/204/156 160/208/160
f 160/208/160 156/204/156 159/207/159
f 157/205/157 160/208/160 161/209/161
f 161/209/161 160/208/160 159/207/159
f 161/209/161 159/207/159 153/200/153
f 157/205/157 161/209/161 162/210/162
f 161/209/161 153/200/153 163/211/163
f 163/211/163 153/200/153 31/199/31
f 163/211/163 31/199/31 164/212/164
f 164/212/164 31/199/31 30/213/30
f 163/211/163 164/212/164 165/214/165
f 165/214/165 164/212/164 30/213/30
f 165/214/165 30/213/30 166/215/166
f 166/215/166 30/213/30 33/216/33
f 166/215/166 33/216/33 165/214/165
f 165/214/165 33/216/33 167/217/167
f 161/209/161 163/211/163 167/217/167
f 163/211/163 165/214/165 168/218/168
f 168/218/168 165/214/165 167/217/167
f 168/218/168 167/217/167 163/211/163
f 167/217/167 33/216/33 35/219/35
f 167/217/167 35/219/35 34/220/34
f 161/209/161 167/217/167 169/221/169
f 169/221/169 167/217/167 34/220/34
f 161/209/161 169/221/169 162/210/162
f 169/221/169 34/220/34 37/222/37
f 162/210/162 169/221/169 170/223/170
f 170/223/170 169/221/169 37/222/37
f 162/210/162 170/223/170 171/224/157
f 171/224/157 170/223/170 37/222/37
f 114/225/114 116/226/116 140/227/140
f 140/227/140 116/226/116 172/228/171
f 172/228/171 116/226/116 125/229/125
f 140/227/140 172/228/171 144/230/144
f 144/230/144 172/228/171 173/231/172
f 144/230/144 173/231/172 174/232/173
f 173/231/172 172/228/171 175/233/174
f 63/234/63 122/235/122 66/236/66
f 144/237/144 176/238/175 142/239/142
f 176/238/175 144/237/144 174/240/173
f 142/239/142 176/238/175 177/241/176
f 176/238/175 174/240/173 178/242/177
f 176/238/175 178/242/177 179/243/178
f 177/241/176 176/238/175 180/244/179
f 177/241/176 180/244/179 181/245/180
f 176/238/175 179/243/178 182/246/181
f 176/238/175 182/246/181 180/244/179
f 181/245/180 180/244/179 133/247/133
f 179/243/178 178/242/177 183/248/182
f 179/243/178 183/248/182 182/246/181
f 133/247/133 180/244/179 184/249/183
f 133/247/133 184/249/183 132/250/132
f 184/249/183 180/244/179 185/251/184
f 185/251/184 180/244/179 182/246/181
f 185/251/184 182/246/181 183/248/182
f 185/251/184 183/248/182 186/252/185
f 185/251/184 186/252/185 187/253/186
f 187/253/186 186/252/185 188/254/187
f 188/254/187 186/252/185 183/248/182
f 188/254/187 183/248/182 189/255/188
f 190/256/189 13/257/13 143/258/143
f 190/256/189 143/258/143 191/259/190
f 191/259/190 143/258/143 192/260/191
f 191/259/190 192/260/191 193/261/192
f 190/256/189 191/259/190 194/262/193
f 190/256/189 194/262/193 13/257/13
f 13/257/13 194/262/193 14/263/14
f 194/262/193 191/259/190 195/264/194
f 14/263/14 194/262/193 15/265/15
f 15/265/15 194/262/193 196/266/195
f 15/265/15 196/266/195 59/267/59
f 194/262/193 195/264/194 197/268/196
f 194/262/193 197/268/196 198/269/197
f 198/269/197 197/268/196 199/270/198
f 199/270/198 197/268/196 195/264/194
f 199/270/198 195/264/194 200/271/199
f 192/272/191 143/273/143 142/274/142
f 192/272/191 142/274/142 201/275/200
f 192/272/191 201/275/200 193/276/192
f 193/276/192 201/275/200 202/277/201
f 193/276/192 202/277/201 181/278/180
f 193/276/192 181/278/180 203/279/196
f 193/276/192 203/279/196 191/280/190
f 203/279/196 181/278/180 133/281/133
f 191/280/190 203/279/196 204/282/202
f 191/280/190 204/282/202 205/283/203
f 191/280/190 205/283/203 195/284/194
f 204/282/202 203/279/196 206/285/204
f 204/282/202 206/285/204 205/283/203
f 206/285/204 203/279/196 133/281/133
f 205/283/203 206/285/204 207/286/205
f 207/286/205 206/285/204 133/281/133
f 207/286/205 133/281/133 208/287/206
f 207/286/205 208/287/206 209/288/207
f 209/288/207 208/287/206 210/289/208
f 209/288/207 210/289/208 211/290/209
f 211/290/209 210/289/208 212/291/210
f 63/292/63 213/293/211 122/294/122
f 213/293/211 63/292/63 64/295/64
f 122/294/122 213/293/211 214/296/212
f 213/293/211 64/295/64 215/297/213
f 215/297/213 64/295/64 60/298/60
f 214/296/212 213/293/211 216/299/214
f 216/299/214 213/293/211 215/297/213
f 215/297/213 60/298/60 71/300/71
f 215/297/213 71/300/71 216/299/214
f 216/299/214 71/300/71 217/301/215
f 214/296/212 216/299/214 218/302/216
f 218/302/216 216/299/214 217/301/215
f 214/296/212 218/302/216 219/303/217
f 214/296/212 219/303/217 220/304/218
f 220/304/218 219/303/217 221/305/219
f 221/305/219 219/303/217 218/302/216
f 221/305/219 218/302/216 222/306/220
f 222/306/220 218/302/216 217/301/215
f 223/307/221 217/301/215 71/300/71
f 217/301/215 223/307/221 222/306/220
f 223/307/221 71/300/71 70/308/70
f 221/305/219 222/306/220 224/309/222
f 221/305/219 224/309/222 225/310/223
f 224/309/222 222/306/220 223/307/221
f 226/311/224 223/307/221 227/312/225
f 223/307/221 226/311/224 228/313/226
f 228/313/226 226/311/224 229/314/227
f 224/309/222 223/307/221 230/315/228
f 230/315/228 223/307/221 228/313/226
f 228/313/226 229/314/227 231/316/229
f 228/313/226 231/316/229 230/315/228
f 231/316/229 229/314/227 232/317/230
f 233/318/231 234/319/232 224/309/222
f 224/309/222 230/315/228 235/320/233
f 224/309/222 235/320/233 233/318/231
f 230/315/228 231/316/229 236/321/234
f 230/315/228 236/321/234 235/320/233
f 233/318/231 235/320/233 237/322/235
f 237/322/235 235/320/233 236/321/234
f 233/318/231 237/322/235 238/323/236
f 236/321/234 231/316/229 239/324/237
f 236/321/234 239/324/237 237/322/235
f 238/323/236 237/322/235 240/325/238
f 239/324/237 231/316/229 241/326/239
f 241/326/239 231/316/229 232/317/230
f 237/322/235 239/324/237 242/327/240
f 237/322/235 242/327/240 240/325/238
f 242/327/240 239/324/237 241/326/239
f 241/326/239 232/317/230 243/328/241
f 243/328/241 232/317/230 244/329/242
f 242/327/240 241/326/239 245/330/243
f 245/330/243 241/326/239 243/328/241
f 243/328/241 244/329/242 246/331/244
f 242/327/240 245/330/243 247/332/245
f 247/332/245 245/330/243 243/328/241
f 242/327/240 247/332/245 248/333/246
f 247/332/245 243/328/241 249/334/247
f 247/332/245 249/334/247 248/333/246
f 243/328/241 246/331/244 250/335/248
f 243/328/241 250/335/248 251/336/249
f 243/328/241 251/336/249 249/334/247
f 251/336/249 250/335/248 252/337/250
f 249/334/247 251/336/249 253/338/251
f 250/335/248 246/331/244 254/339/252
f 250/335/248 254/339/252 252/337/250
f 254/339/252 246/331/244 255/340/253
f 254/339/252 255/340/253 256/341/254
f 254/339/252 256/341/254 252/337/250
f 252/337/250 256/341/254 257/342/255
f 249/334/247 253/338/251 258/343/256
f 249/334/247 258/343/256 259/344/257
f 249/334/247 259/344/257 248/333/246
f 259/344/257 258/343/256 260/345/258
f 259/344/257 260/345/258 248/333/246
f 248/333/246 260/345/258 258/343/256
f 248/333/246 258/343/256 261/346/259
f 261/346/259 258/343/256 253/338/251
f 248/333/246 261/346/259 242/327/240
f 261/346/259 253/338/251 262/347/260
f 242/327/240 261/346/259 240/325/238
f 261/346/259 262/347/260 263/348/261
f 261/346/259 263/348/261 240/325/238
f 263/348/261 262/347/260 264/349/262
f 240/325/238 263/348/261 265/350/263
f 175/351/174 172/352/171 266/353/264
f 266/353/264 172/352/171 267/354/265
f 267/354/265 172/352/171 125/355/125
f 267/354/265 125/355/125 126/356/126
f 267/354/265 126/356/126 268/357/266
f 268/357/266 126/356/126 129/358/129
f 268/357/266 129/358/129 267/354/265
f 267/354/265 129/358/129 135/359/135
f 267/354/265 135/359/135 134/360/134
f 267/354/265 134/360/134 266/353/264
f 266/353/264 134/360/134 269/361/267
f 266/353/264 269/361/267 175/351/174
f 269/361/267 134/360/134 130/362/130
f 269/361/267 130/362/130 270/363/268
f 175/351/174 269/361/267 271/364/269
f 271/364/269 269/361/267 270/363/268
f 175/351/174 271/364/269 272/365/270
f 270/363/268 130/362/130 132/366/132
f 271/364/269 270/363/268 273/367/271
f 271/364/269 273/367/271 274/368/272
f 271/364/269 274/368/272 272/365/270
f 274/368/272 273/367/271 275/369/273
f 275/369/273 273/367/271 270/363/268
f 274/368/272 275/369/273 272/365/270
f 175/351/174 272/365/270 173/370/172
f 275/369/273 270/363/268 276/371/274
f 275/369/273 276/371/274 272/365/270
f 276/371/274 270/363/268 132/366/132
f 272/365/270 276/371/274 173/370/172
f 173/370/172 276/371/274 132/366/132
f 178/372/177 174/373/173 173/370/172
f 178/372/177 173/370/172 277/374/275
f 178/372/177 277/374/275 183/375/182
f 183/375/182 277/374/275 189/376/188
f 277/374/275 173/370/172 278/377/276
f 278/377/276 173/370/172 132/366/132
f 189/376/188 277/374/275 279/378/277
f 189/376/188 279/378/277 187/379/186
f 189/376/188 187/379/186 188/380/187
f 279/378/277 277/374/275 280/381/278
f 279/378/277 280/381/278 187/379/186
f 280/381/278 277/374/275 278/377/276
f 187/379/186 280/381/278 185/382/184
f 280/381/278 278/377/276 281/383/279
f 280/381/278 281/383/279 185/382/184
f 281/383/279 278/377/276 132/366/132
f 185/382/184 281/383/279 184/384/183
f 282/385/280 132/366/132 184/384/183
f 282/385/280 184/384/183 281/383/279
f 132/366/132 282/385/280 283/386/281
f 132/366/132 283/386/281 281/383/279
f 281/383/279 283/386/281 282/385/280
f 284/387/282 177/388/176 285/389/283
f 177/388/176 284/387/282 142/390/142
f 284/387/282 285/389/283 286/391/284
f 142/390/142 284/387/282 201/392/200
f 284/387/282 286/391/284 287/393/285
f 201/392/200 284/387/282 288/394/286
f 201/392/200 288/394/286 202/395/201
f 202/395/201 288/394/286 287/393/285
f 288/394/286 284/387/282 289/396/287
f 288/394/286 289/396/287 287/393/285
f 289/396/287 284/387/282 290/397/288
f 289/396/287 290/397/288 287/393/285
f 287/393/285 290/397/288 284/387/282
f 123/398/123 115/399/115 117/400/117
f 123/398/123 117/400/117 291/401/289
f 291/401/289 117/400/117 119/402/119
f 123/398/123 291/401/289 131/403/131
f 131/403/131 291/401/289 292/404/290
f 292/404/290 291/401/289 293/405/291
f 292/404/290 293/405/291 294/406/292
f 131/403/131 292/404/290 295/407/133
f 295/407/133 292/404/290 294/406/292
f 131/403/131 295/407/133 133/408/133
f 295/407/133 294/406/292 296/409/293
f 295/407/133 296/409/293 133/408/133
f 296/409/293 294/406/292 210/410/208
f 133/408/133 296/409/293 208/411/206
f 208/411/206 296/409/293 210/410/208
f 287/412/285 286/413/284 297/414/294
f 287/412/285 297/414/294 202/415/201
f 202/415/201 297/414/294 181/416/180
f 181/416/180 297/414/294 286/413/284
f 181/416/180 286/413/284 285/417/283
f 181/416/180 285/417/283 298/418/295
f 181/416/180 298/418/295 177/419/176
f 177/419/176 298/418/295 285/417/283
f 70/420/70 155/421/155 157/422/157
f 70/420/70 157/422/157 223/423/221
f 57/424/57 299/425/296 55/426/55
f 55/426/55 299/425/296 53/427/53
f 299/425/296 57/424/57 59/428/59
f 299/425/296 59/428/59 300/429/297
f 53/427/53 299/425/296 301/430/298
f 301/430/298 299/425/296 300/429/297
f 302/431/299 300/429/297 303/432/300
f 300/429/297 302/431/299 301/430/298
f 301/430/298 302/431/299 304/433/301
f 301/430/298 304/433/301 305/434/302
f 301/430/298 305/434/302 306/435/303
f 301/430/298 306/435/303 307/436/304
f 306/435/303 305/434/302 308/437/305
f 305/434/302 304/433/301 309/438/306
f 309/438/306 304/433/301 308/439/305
f 308/439/305 304/433/301 306/440/303
f 309/438/306 308/439/305 310/441/307
f 121/442/121 311/443/308 118/444/118
f 118/444/118 311/443/308 119/445/119
f 311/443/308 121/442/121 220/446/218
f 220/446/218 121/442/121 122/447/122
f 220/446/218 122/447/122 214/448/212
f 119/445/119 311/443/308 312/449/205
f 119/445/119 312/449/205 313/450/309
f 119/445/119 313/450/309 291/451/289
f 291/451/289 313/450/309 314/452/310
f 314/452/310 313/450/309 312/449/205
f 314/452/310 312/449/205 315/453/311
f 315/453/311 312/449/205 316/454/312
f 314/452/310 315/453/311 317/455/313
f 315/453/311 316/454/312 318/456/314
f 315/453/311 318/456/314 317/455/313
f 317/455/313 318/456/314 319/457/315
f 196/458/195 320/459/316 59/460/59
f 59/460/59 320/459/316 303/461/300
f 59/460/59 303/461/300 300/462/297
f 303/461/300 320/459/316 321/463/317
f 303/461/300 321/463/317 302/464/299
f 321/463/317 320/459/316 322/465/318
f 321/463/317 322/465/318 323/466/319
f 323/466/319 322/465/318 324/467/320
f 323/466/319 324/467/320 325/468/321
f 323/466/319 325/468/321 326/469/322
f 323/466/319 326/469/322 327/470/323
f 323/466/319 327/470/323 328/471/324
f 323/466/319 328/471/324 321/463/317
f 321/463/317 328/471/324 329/472/325
f 320/473/316 196/474/195 194/475/193
f 49/476/49 51/477/51 330/478/326
f 330/478/326 51/477/51 53/479/53
f 46/480/46 49/476/49 331/481/327
f 331/481/327 49/476/49 330/478/326
f 330/478/326 53/479/53 332/482/328
f 332/482/328 53/479/53 301/483/298
f 331/481/327 330/478/326 333/484/329
f 331/481/327 333/484/329 334/485/330
f 330/478/326 332/482/328 335/486/331
f 330/478/326 335/486/331 333/484/329
f 332/482/328 301/483/298 336/487/332
f 332/482/328 336/487/332 335/486/331
f 336/487/332 301/483/298 307/488/304
f 335/486/331 336/487/332 337/489/333
f 337/489/333 336/487/332 307/488/304
f 335/486/331 337/489/333 333/484/329
f 337/489/333 307/488/304 338/490/334
f 338/490/334 307/488/304 309/491/306
f 309/491/306 307/488/304 305/492/302
f 337/489/333 338/490/334 339/493/335
f 337/489/333 339/493/335 333/484/329
f 338/490/334 309/491/306 340/494/336
f 338/490/334 340/494/336 339/493/335
f 333/484/329 339/493/335 341/495/337
f 341/495/337 339/493/335 340/494/336
f 340/494/336 309/491/306 342/496/338
f 340/494/336 342/496/338 341/495/337
f 342/496/338 309/491/306 310/497/307
f 333/484/329 341/495/337 343/498/339
f 343/498/339 341/495/337 342/496/338
f 333/484/329 343/498/339 344/499/340
f 333/484/329 344/499/340 334/485/330
f 344/499/340 343/498/339 345/500/341
f 345/500/341 343/498/339 342/496/338
f 334/485/330 344/499/340 346/501/342
f 346/501/342 344/499/340 345/500/341
f 346/501/342 345/500/341 342/496/338
f 334/485/330 346/501/342 347/502/343
f 346/501/342 342/496/338 348/503/344
f 346/501/342 348/503/344 347/502/343
f 348/503/344 342/496/338 349/504/345
f 349/504/345 342/496/338 310/497/307
f 347/502/343 348/503/344 350/505/346
f 350/505/346 348/503/344 349/504/345
f 351/506/347 347/502/343 352/507/348
f 352/507/348 347/502/343 350/505/346
f 350/505/346 349/504/345 353/508/349
f 354/509/350 355/510/351 352/507/348
f 354/509/350 352/507/348 356/511/352
f 356/511/352 352/507/348 350/505/346
f 354/509/350 356/511/352 329/512/325
f 329/512/325 356/511/352 321/513/317
f 356/511/352 350/505/346 357/514/353
f 356/511/352 357/514/353 321/513/317
f 357/514/353 350/505/346 353/508/349
f 321/513/317 357/514/353 302/515/299
f 357/514/353 353/508/349 358/516/354
f 357/514/353 358/516/354 302/515/299
f 358/516/354 353/508/349 349/504/345
f 302/515/299 358/516/354 304/517/301
f 304/517/301 358/516/354 349/504/345
f 304/517/301 349/504/345 310/497/307
f 304/517/301 310/497/307 306/518/303
f 306/518/303 310/497/307 307/519/304
f 307/519/304 310/497/307 305/520/302
f 305/520/302 310/497/307 308/521/305
f 198/522/197 320/523/316 194/524/193
f 320/523/316 198/522/197 359/525/355
f 320/523/316 359/525/355 360/526/356
f 320/523/316 360/526/356 361/527/357
f 320/523/316 361/527/357 362/528/358
f 362/528/358 361/527/357 363/529/359
f 361/527/357 360/526/356 364/530/360
f 363/529/359 361/527/357 365/531/361
f 365/531/361 361/527/357 364/530/360
f 363/529/359 365/531/361 366/532/362
f 366/532/362 365/531/361 364/530/360
f 366/532/362 364/530/360 367/533/363
f 200/534/199 360/526/356 359/525/355
f 366/532/362 367/533/363 368/535/364
f 366/532/362 368/535/364 369/536/365
f 369/536/365 368/535/364 322/537/318
f 368/535/364 367/533/363 370/538/366
f 199/539/198 200/534/199 198/522/197
f 368/535/364 370/538/366 371/540/367
f 368/535/364 371/540/367 372/541/368
f 370/538/366 367/533/363 373/542/369
f 370/538/366 373/542/369 371/540/367
f 373/542/369 367/533/363 374/543/370
f 373/542/369 374/543/370 375/544/371
f 372/541/368 371/540/367 376/545/372
f 373/542/369 375/544/371 376/545/372
f 372/541/368 376/545/372 377/546/373
f 377/546/373 376/545/372 375/544/371
f 371/540/367 373/542/369 378/547/374
f 371/540/367 378/547/374 376/545/372
f 378/547/374 373/542/369 379/548/375
f 378/547/374 379/548/375 376/545/372
f 376/545/372 379/548/375 373/542/369
f 380/549/376 198/522/197 200/534/199
f 198/522/197 380/549/376 359/525/355
f 380/549/376 200/534/199 381/550/377
f 382/551/378 200/534/199 359/525/355
f 200/534/199 382/551/378 381/550/377
f 382/551/378 359/525/355 380/549/376
f 380/549/376 381/550/377 383/552/379
f 383/552/379 381/550/377 382/551/378
f 383/552/379 382/551/378 380/549/376
f 38/553/38 46/554/46 36/555/36
f 157/556/157 162/557/162 223/558/221
f 223/558/221 162/557/162 171/559/157
f 195/560/194 360/561/356 200/562/199
f 360/561/356 195/560/194 205/563/203
f 360/561/356 205/563/203 384/564/380
f 360/561/356 384/564/380 364/565/360
f 384/564/380 205/563/203 385/566/289
f 364/565/360 384/564/380 386/567/381
f 386/567/381 384/564/380 385/566/289
f 221/568/219 225/569/223 220/570/218
f 220/570/218 225/569/223 311/571/308
f 311/571/308 225/569/223 316/572/312
f 311/571/308 316/572/312 312/573/205
f 46/574/46 331/575/327 36/576/36
f 36/576/36 331/575/327 387/577/382
f 387/577/382 331/575/327 388/578/306
f 388/578/306 331/575/327 334/579/330
f 36/576/36 387/577/382 389/580/383
f 36/576/36 389/580/383 390/581/384
f 390/581/384 389/580/383 391/582/385
f 389/580/383 387/577/382 392/583/386
f 389/580/383 392/583/386 391/582/385
f 392/583/386 387/577/382 393/584/387
f 393/584/387 387/577/382 388/578/306
f 392/583/386 393/584/387 394/585/388
f 394/585/388 393/584/387 388/578/306
f 351/586/347 388/578/306 334/579/330
f 351/586/347 334/579/330 347/587/343
f 388/578/306 351/586/347 395/588/389
f 388/578/306 395/588/389 394/585/388
f 395/588/389 351/586/347 355/589/351
f 355/589/351 351/586/347 352/590/348
f 395/588/389 355/589/351 396/591/390
f 396/591/390 355/589/351 354/592/350
f 394/585/388 395/588/389 397/593/391
f 397/593/391 395/588/389 396/591/390
f 396/591/390 354/592/350 398/594/392
f 396/591/390 398/594/392 397/593/391
f 398/594/392 354/592/350 329/595/325
f 397/593/391 398/594/392 399/596/393
f 398/594/392 329/595/325 400/597/394
f 400/597/394 329/595/325 328/598/324
f 399/596/393 398/594/392 401/599/395
f 401/599/395 398/594/392 400/597/394
f 397/593/391 399/596/393 402/600/396
f 402/600/396 399/596/393 401/599/395
f 400/597/394 328/598/324 403/601/397
f 400/597/394 403/601/397 401/599/395
f 403/601/397 328/598/324 327/602/323
f 404/603/398 394/585/388 397/593/391
f 404/603/398 397/593/391 402/600/396
f 394/585/388 404/603/398 405/604/399
f 394/585/388 405/604/399 392/583/386
f 392/583/386 405/604/399 391/582/385
f 405/604/399 404/603/398 406/605/400
f 405/604/399 406/605/400 391/582/385
f 406/605/400 404/603/398 402/600/396
f 407/606/401 402/600/396 401/599/395
f 407/606/401 401/599/395 403/601/397
f 402/600/396 407/606/401 408/607/402
f 402/600/396 408/607/402 406/605/400
f 408/607/402 407/606/401 409/608/403
f 408/607/402 409/608/403 406/605/400
f 409/608/403 407/606/401 403/601/397
f 406/605/400 409/608/403 410/609/404
f 406/605/400 410/609/404 411/610/405
f 411/610/405 410/609/404 409/608/403
f 406/605/400 411/610/405 391/582/385
f 411/610/405 409/608/403 412/611/406
f 412/611/406 409/608/403 403/601/397
f 391/582/385 411/610/405 413/612/407
f 391/582/385 413/612/407 414/613/408
f 411/610/405 412/611/406 415/614/409
f 415/614/409 412/611/406 403/601/397
f 411/610/405 415/614/409 413/612/407
f 414/613/408 413/612/407 416/615/410
f 413/612/407 415/614/409 417/616/411
f 413/612/407 417/616/411 416/615/410
f 417/616/411 415/614/409 403/601/397
f 416/615/410 417/616/411 418/617/412
f 417/616/411 403/601/397 419/618/413
f 419/618/413 403/601/397 327/602/323
f 417/616/411 419/618/413 420/619/414
f 420/619/414 419/618/413 327/602/323
f 417/616/411 420/619/414 421/620/415
f 417/616/411 421/620/415 418/617/412
f 421/620/415 420/619/414 327/602/323
f 418/617/412 421/620/415 422/621/416
f 421/620/415 327/602/323 423/622/417
f 421/620/415 423/622/417 424/623/418
f 423/622/417 327/602/323 425/624/419
f 224/625/222 234/626/232 225/627/223
f 225/627/223 234/626/232 426/628/420
f 225/627/223 426/628/420 427/629/421
f 427/629/421 426/628/420 428/630/422
f 427/629/421 428/630/422 429/631/289
f 427/629/421 429/631/289 430/632/423
f 430/632/423 429/631/289 431/633/424
f 225/634/223 427/635/421 316/636/312
f 430/637/423 432/638/425 427/635/421
f 427/635/421 432/638/425 433/639/426
f 427/635/421 433/639/426 316/636/312
f 316/636/312 433/639/426 434/640/427
f 434/640/427 433/639/426 435/641/428
f 434/640/427 435/641/428 436/642/429
f 436/642/429 435/641/428 437/643/430
f 436/642/429 437/643/430 434/640/427
f 437/643/430 435/641/428 438/644/431
f 437/643/430 438/644/431 439/645/432
f 316/636/312 434/640/427 440/646/433
f 441/647/292 434/640/427 442/648/434
f 434/640/427 441/647/292 440/646/433
f 316/636/312 440/646/433 443/649/435
f 316/636/312 443/649/435 318/650/314
f 318/650/314 443/649/435 319/651/315
f 440/646/433 441/647/292 317/652/313
f 317/652/313 441/647/292 314/653/310
f 314/653/310 441/647/292 293/654/291
f 314/653/310 293/654/291 291/655/289
f 440/646/433 317/652/313 444/656/436
f 440/646/433 444/656/436 443/649/435
f 444/656/436 317/652/313 319/651/315
f 445/657/437 319/651/315 443/649/435
f 319/651/315 445/657/437 444/656/436
f 444/656/436 445/657/437 443/649/435
f 446/658/438 234/659/232 233/660/231
f 446/658/438 233/660/231 238/661/236
f 234/659/232 446/658/438 447/662/439
f 234/659/232 447/662/439 426/663/420
f 426/663/420 447/662/439 448/664/440
f 448/664/440 447/662/439 449/665/441
f 449/665/441 447/662/439 446/658/438
f 448/664/440 449/665/441 450/666/442
f 450/666/442 449/665/441 451/667/443
f 451/667/443 449/665/441 452/668/444
f 449/665/441 446/658/438 453/669/445
f 453/669/445 446/658/438 238/661/236
f 449/665/441 453/669/445 452/668/444
f 451/667/443 452/668/444 246/670/244
f 453/669/445 238/661/236 454/671/446
f 453/669/445 454/671/446 452/668/444
f 454/671/446 238/661/236 240/672/238
f 454/671/446 240/672/238 265/673/263
f 452/668/444 454/671/446 253/674/251
f 253/674/251 454/671/446 265/673/263
f 246/670/244 452/668/444 455/675/447
f 455/675/447 452/668/444 253/674/251
f 246/670/244 455/675/447 255/676/253
f 253/674/251 265/673/263 264/677/262
f 264/677/262 265/673/263 263/678/261
f 455/675/447 253/674/251 251/679/249
f 455/675/447 251/679/249 252/680/250
f 455/675/447 252/680/250 255/676/253
f 255/676/253 252/680/250 257/681/255
f 255/676/253 257/681/255 256/682/254
f 253/674/251 264/677/262 456/683/448
f 456/683/448 264/677/262 262/684/260
f 456/683/448 262/684/260 253/674/251
f 362/685/358 369/686/365 320/687/316
f 320/687/316 369/686/365 322/688/318
f 369/686/365 362/685/358 363/689/359
f 369/686/365 363/689/359 457/690/449
f 369/686/365 457/690/449 458/691/450
f 458/691/450 457/690/449 363/689/359
f 369/686/365 458/691/450 366/692/362
f 366/692/362 458/691/450 363/689/359
f 435/693/428 433/694/426 459/695/451
f 435/693/428 459/695/451 460/696/452
f 460/696/452 459/695/451 461/697/453
f 460/696/452 461/697/453 437/698/430
f 460/696/452 437/698/430 439/699/432
f 460/696/452 439/699/432 435/693/428
f 435/693/428 439/699/432 438/700/431
f 207/701/205 385/702/289 205/703/203
f 385/702/289 207/701/205 211/704/209
f 211/704/209 207/701/205 209/705/207
f 385/702/289 211/704/209 212/706/210
f 385/702/289 212/706/210 462/707/454
f 462/707/454 212/706/210 463/708/455
f 463/708/455 212/706/210 464/709/210
f 463/708/455 464/709/210 465/710/456
f 462/707/454 463/708/455 466/711/133
f 462/707/454 466/711/133 467/712/457
f 386/713/381 367/714/363 364/715/360
f 367/714/363 386/713/381 374/716/370
f 374/716/370 386/713/381 468/717/192
f 374/716/370 468/717/192 469/718/458
f 374/716/370 469/718/458 470/719/459
f 469/718/458 468/717/192 471/720/460
f 433/721/426 432/722/425 459/723/451
f 459/723/451 432/722/425 461/724/453
f 461/724/453 432/722/425 472/725/461
f 461/724/453 472/725/461 473/726/462
f 472/725/461 432/722/425 430/727/423
f 473/726/462 472/725/461 474/728/463
f 474/728/463 472/725/461 430/727/423
f 473/726/462 474/728/463 475/729/464
f 475/729/464 474/728/463 430/727/423
f 475/729/464 430/727/423 476/730/465
f 475/729/464 476/730/465 477/731/466
f 476/730/465 430/727/423 431/732/424
f 477/731/466 476/730/465 478/733/467
f 476/730/465 431/732/424 479/734/468
f 476/730/465 479/734/468 478/733/467
f 479/734/468 431/732/424 480/735/469
f 479/734/468 480/735/469 478/733/467
f 480/735/469 431/732/424 481/736/470
f 478/733/467 480/735/469 482/737/471
f 478/733/467 482/737/471 483/738/472
f 478/733/467 483/738/472 484/739/473
f 484/739/473 483/738/472 482/737/471
f 484/739/473 482/737/471 480/735/469
f 484/739/473 480/735/469 481/736/470
f 484/739/473 481/736/470 485/740/474
f 368/741/364 486/742/465 322/743/318
f 486/742/465 368/741/364 372/744/368
f 322/743/318 486/742/465 487/745/475
f 486/742/465 372/744/368 488/746/476
f 486/742/465 488/746/476 487/745/475
f 488/746/476 372/744/368 377/747/373
f 488/746/476 377/747/373 489/748/477
f 487/745/475 488/746/476 490/749/478
f 487/745/475 490/749/478 469/750/458
f 437/751/430 442/752/434 434/753/427
f 442/752/434 437/751/430 461/754/453
f 442/752/434 461/754/453 491/755/479
f 491/755/479 461/754/453 473/756/462
f 491/755/479 473/756/462 442/752/434
f 442/752/434 473/756/462 475/757/464
f 442/752/434 475/757/464 441/758/292
f 441/758/292 475/757/464 492/759/292
f 293/760/291 493/761/480 294/762/292
f 294/762/292 493/761/480 210/763/208
f 210/763/208 493/761/480 464/764/210
f 493/761/480 293/760/291 492/765/292
f 493/761/480 492/765/292 494/766/363
f 492/765/292 293/760/291 441/767/292
f 495/768/481 375/769/371 374/770/370
f 375/769/371 495/768/481 496/771/482
f 496/771/482 495/768/481 374/770/370
f 375/769/371 496/771/482 377/772/373
f 496/771/482 374/770/370 470/773/459
f 496/771/482 470/773/459 377/772/373
f 377/772/373 470/773/459 489/774/477
f 489/774/477 470/773/459 488/775/476
f 488/775/476 470/773/459 490/776/478
f 490/776/478 470/773/459 469/777/458
f 226/778/224 227/779/225 497/780/483
f 226/778/224 497/780/483 229/781/227
f 229/781/227 497/780/483 232/782/230
f 232/782/230 497/780/483 498/783/484
f 232/782/230 498/783/484 244/784/242
f 244/784/242 498/783/484 499/785/485
f 244/784/242 499/785/485 246/786/244
f 246/786/244 499/785/485 500/787/486
f 500/787/486 499/785/485 498/783/484
f 500/787/486 498/783/484 501/788/487
f 500/787/486 501/788/487 502/789/488
f 501/788/487 498/783/484 503/790/489
f 501/788/487 503/790/489 502/789/488
f 503/790/489 498/783/484 497/780/483
f 502/789/488 503/790/489 504/791/490
f 502/789/488 504/791/490 505/792/491
f 505/792/491 504/791/490 506/793/492
f 504/791/490 503/790/489 507/794/493
f 507/794/493 503/790/489 497/780/483
f 504/791/490 507/794/493 508/795/494
f 504/791/490 508/795/494 506/793/492
f 507/794/493 497/780/483 509/796/495
f 509/796/495 497/780/483 227/779/225
f 507/794/493 509/796/495 510/797/496
f 507/794/493 510/797/496 508/795/494
f 509/796/495 227/779/225 511/798/497
f 509/796/495 511/798/497 510/797/496
f 508/795/494 510/797/496 512/799/498
f 512/799/498 510/797/496 511/798/497
f 513/800/499 506/793/492 508/795/494
f 508/795/494 512/799/498 514/801/500
f 508/795/494 514/801/500 513/800/499
f 512/799/498 511/798/497 515/802/501
f 512/799/498 515/802/501 514/801/500
f 516/803/36 511/798/497 227/779/225
f 511/798/497 516/803/36 515/802/501
f 516/803/36 227/779/225 223/804/221
f 516/803/36 223/804/221 171/805/157
f 513/800/499 514/801/500 517/806/502
f 513/800/499 517/806/502 506/793/492
f 517/806/502 514/801/500 515/802/501
f 506/793/492 517/806/502 518/807/503
f 518/807/503 517/806/502 519/808/504
f 519/808/504 517/806/502 515/802/501
f 506/793/492 518/807/503 520/809/505
f 506/793/492 520/809/505 521/810/506
f 521/810/506 520/809/505 522/811/507
f 520/809/505 518/807/503 523/812/508
f 523/812/508 518/807/503 519/808/504
f 522/811/507 520/809/505 524/813/509
f 524/813/509 520/809/505 523/812/508
f 522/811/507 524/813/509 525/814/510
f 523/812/508 519/808/504 526/815/511
f 525/814/510 524/813/509 527/816/512
f 523/812/508 526/815/511 528/817/513
f 523/812/508 528/817/513 524/813/509
f 526/815/511 519/808/504 529/818/514
f 526/815/511 529/818/514 528/817/513
f 529/818/514 519/808/504 530/819/515
f 530/819/515 519/808/504 515/802/501
f 529/818/514 530/819/515 531/820/516
f 531/820/516 530/819/515 515/802/501
f 529/818/514 531/820/516 528/817/513
f 531/820/516 515/802/501 532/821/517
f 532/821/517 515/802/501 516/803/36
f 532/821/517 516/803/36 533/822/518
f 532/821/517 533/822/518 534/823/519
f 531/820/516 532/821/517 535/824/520
f 528/817/513 531/820/516 536/825/521
f 536/825/521 531/820/516 535/824/520
f 536/825/521 535/824/520 532/821/517
f 536/825/521 532/821/517 534/823/519
f 528/817/513 536/825/521 524/813/509
f 536/825/521 534/823/519 537/826/522
f 537/826/522 534/823/519 538/827/523
f 524/813/509 536/825/521 539/828/524
f 524/813/509 539/828/524 527/816/512
f 527/816/512 539/828/524 540/829/525
f 536/825/521 537/826/522 541/830/526
f 536/825/521 541/830/526 539/828/524
f 541/830/526 537/826/522 542/831/527
f 540/829/525 539/828/524 543/832/528
f 543/832/528 539/828/524 541/830/526
f 540/829/525 543/832/528 544/833/529
f 540/829/525 544/833/529 545/834/530
f 545/834/530 544/833/529 543/832/528
f 545/834/530 543/832/528 546/835/531
f 545/834/530 546/835/531 547/836/532
f 543/832/528 541/830/526 548/837/533
f 543/832/528 548/837/533 546/835/531
f 548/837/533 541/830/526 542/831/527
f 547/836/532 546/835/531 549/838/534
f 549/838/534 546/835/531 548/837/533
f 548/837/533 542/831/527 550/839/535
f 548/837/533 550/839/535 549/838/534
f 550/839/535 542/831/527 551/840/536
f 550/839/535 551/840/536 549/838/534
f 549/838/534 551/840/536 552/841/537
f 549/838/534 552/841/537 553/842/538
f 554/843/539 386/844/381 385/845/289
f 386/844/381 554/843/539 468/846/192
f 554/843/539 385/845/289 462/847/454
f 554/843/539 462/847/454 468/846/192
f 468/846/192 462/847/454 555/848/540
f 556/849/541 322/850/318 487/851/475
f 322/850/318 556/849/541 324/852/320
f 556/849/541 487/851/475 469/853/458
f 556/849/541 469/853/458 557/854/542
f 557/854/542 469/853/458 471/855/460
f 556/849/541 557/854/542 558/856/543
f 557/854/542 471/855/460 559/857/544
f 557/854/542 559/857/544 558/856/543
f 558/856/543 559/857/544 560/858/545
f 464/859/210 212/860/210 210/861/208
f 500/862/486 451/863/443 246/864/244
f 451/863/443 500/862/486 450/865/442
f 450/865/442 500/862/486 448/866/440
f 448/866/440 500/862/486 502/867/488
f 448/866/440 502/867/488 505/868/491
f 448/866/440 505/868/491 426/869/420
f 426/869/420 505/868/491 561/870/546
f 561/870/546 505/868/491 506/871/492
f 426/869/420 561/870/546 428/872/422
f 561/870/546 506/871/492 521/873/506
f 428/872/422 561/870/546 562/874/547
f 562/874/547 561/870/546 521/873/506
f 428/872/422 562/874/547 563/875/548
f 562/874/547 521/873/506 564/876/549
f 562/874/547 564/876/549 563/875/548
f 564/876/549 521/873/506 522/877/507
f 428/872/422 563/875/548 429/878/289
f 481/879/470 431/880/424 429/878/289
f 481/879/470 429/878/289 485/881/474
f 485/881/474 429/878/289 565/882/460
f 565/882/460 429/878/289 563/875/548
f 564/876/549 522/877/507 566/883/550
f 566/883/550 522/877/507 525/884/510
f 566/883/550 525/884/510 527/885/512
f 566/883/550 527/885/512 567/886/551
f 567/886/551 527/885/512 540/887/525
f 566/883/550 567/886/551 568/888/552
f 564/876/549 566/883/550 569/889/553
f 569/889/553 566/883/550 568/888/552
f 564/876/549 569/889/553 570/890/554
f 569/889/553 568/888/552 571/891/555
f 569/889/553 571/891/555 570/890/554
f 571/891/555 568/888/552 572/892/556
f 571/891/555 572/892/556 573/893/557
f 564/876/549 570/890/554 574/894/558
f 574/894/558 570/890/554 571/891/555
f 564/876/549 574/894/558 563/875/548
f 571/891/555 573/893/557 575/895/559
f 574/894/558 571/891/555 576/896/381
f 574/894/558 576/896/381 563/875/548
f 576/896/381 571/891/555 575/895/559
f 563/875/548 576/896/381 577/897/292
f 563/875/548 577/897/292 565/882/460
f 577/897/292 576/896/381 578/898/133
f 578/898/133 576/896/381 575/895/559
f 577/897/292 578/898/133 565/882/460
f 578/898/133 575/895/559 494/899/363
f 494/899/363 575/895/559 579/900/560
f 494/899/363 579/900/560 493/901/480
f 578/898/133 494/899/363 492/902/292
f 578/898/133 492/902/292 475/903/464
f 578/898/133 475/903/464 477/904/466
f 578/898/133 477/904/466 565/882/460
f 565/882/460 477/904/466 580/905/561
f 565/882/460 580/905/561 485/881/474
f 485/881/474 580/905/561 484/906/473
f 580/905/561 477/904/466 581/907/562
f 484/906/473 580/905/561 582/908/563
f 582/908/563 580/905/561 581/907/562
f 581/907/562 477/904/466 478/909/467
f 484/906/473 582/908/563 478/909/467
f 478/909/467 582/908/563 581/907/562
f 391/910/385 414/911/408 583/912/354
f 391/910/385 583/912/354 390/913/384
f 390/913/384 583/912/354 584/914/564
f 390/913/384 584/914/564 36/915/36
f 584/914/564 583/912/354 585/916/565
f 583/912/354 414/911/408 586/917/566
f 583/912/354 586/917/566 585/916/565
f 585/916/565 586/917/566 587/918/325
f 585/916/565 587/918/325 588/919/567
f 586/917/566 414/911/408 589/920/568
f 588/919/567 587/918/325 590/921/569
f 587/918/325 586/917/566 591/922/570
f 587/918/325 591/922/570 590/921/569
f 591/922/570 586/917/566 592/923/571
f 592/923/571 586/917/566 589/920/568
f 589/920/568 414/911/408 593/924/572
f 593/924/572 414/911/408 416/925/410
f 589/920/568 593/924/572 594/926/573
f 593/924/572 416/925/410 422/927/416
f 422/927/416 416/925/410 418/928/412
f 594/926/573 593/924/572 595/929/574
f 595/929/574 593/924/572 422/927/416
f 589/920/568 594/926/573 596/930/575
f 596/930/575 594/926/573 595/929/574
f 589/920/568 596/930/575 592/923/571
f 596/930/575 595/929/574 422/927/416
f 592/923/571 596/930/575 425/931/419
f 425/931/419 596/930/575 422/927/416
f 425/931/419 422/927/416 424/932/418
f 424/932/418 422/927/416 421/933/415
f 425/931/419 424/932/418 423/934/417
f 592/923/571 425/931/419 326/935/322
f 326/935/322 425/931/419 327/936/323
f 592/923/571 326/935/322 591/922/570
f 591/922/570 326/935/322 597/937/576
f 597/937/576 326/935/322 325/938/321
f 591/922/570 597/937/576 590/921/569
f 590/921/569 597/937/576 598/939/577
f 597/937/576 325/938/321 599/940/578
f 599/940/578 325/938/321 324/941/320
f 598/939/577 597/937/576 600/942/579
f 590/921/569 598/939/577 601/943/580
f 601/943/580 598/939/577 600/942/579
f 600/942/579 597/937/576 602/944/581
f 602/944/581 597/937/576 599/940/578
f 600/942/579 602/944/581 603/945/582
f 600/942/579 603/945/582 601/943/580
f 590/921/569 601/943/580 604/946/583
f 590/921/569 604/946/583 588/919/567
f 588/919/567 604/946/583 605/947/584
f 605/947/584 604/946/583 606/948/585
f 606/948/585 604/946/583 601/943/580
f 601/943/580 603/945/582 607/949/586
f 601/943/580 607/949/586 606/948/585
f 608/950/587 603/945/582 602/944/581
f 603/945/582 608/950/587 607/949/586
f 608/950/587 602/944/581 609/951/588
f 609/951/588 602/944/581 599/940/578
f 606/948/585 607/949/586 610/952/589
f 610/952/589 607/949/586 608/950/587
f 606/948/585 610/952/589 611/953/590
f 611/953/590 610/952/589 612/954/591
f 612/954/591 610/952/589 613/955/592
f 613/955/592 610/952/589 614/956/593
f 613/955/592 614/956/593 615/957/594
f 614/956/593 610/952/589 616/958/595
f 614/956/593 616/958/595 615/957/594
f 616/958/595 610/952/589 608/950/587
f 615/957/594 616/958/595 617/959/596
f 615/957/594 617/959/596 618/960/597
f 616/958/595 608/950/587 619/961/598
f 616/958/595 619/961/598 617/959/596
f 619/961/598 608/950/587 609/951/588
f 619/961/598 609/951/588 599/940/578
f 617/959/596 619/961/598 620/962/599
f 620/962/599 619/961/598 599/940/578
f 620/962/599 599/940/578 621/963/600
f 621/963/600 599/940/578 324/941/320
f 621/963/600 324/941/320 622/964/601
f 621/963/600 622/964/601 620/962/599
f 622/964/601 324/941/320 623/965/602
f 620/962/599 622/964/601 624/966/310
f 620/962/599 624/966/310 625/967/603
f 624/966/310 622/964/601 626/968/604
f 560/969/545 627/970/605 558/971/543
f 558/971/543 627/970/605 556/972/541
f 627/970/605 560/969/545 628/973/606
f 628/973/606 560/969/545 559/974/544
f 628/973/606 559/974/544 627/970/605
f 627/970/605 559/974/544 629/975/607
f 629/975/607 559/974/544 623/976/602
f 623/976/602 559/974/544 471/977/460
f 627/970/605 629/975/607 630/978/608
f 627/970/605 630/978/608 556/972/541
f 630/978/608 629/975/607 623/976/602
f 556/972/541 630/978/608 324/979/320
f 324/979/320 630/978/608 623/976/602
f 37/980/37 36/981/36 631/982/36
f 37/980/37 631/982/36 171/983/157
f 493/984/480 465/985/456 464/986/210
f 632/987/131 623/988/602 471/989/460
f 555/990/540 471/989/460 468/991/192
f 471/989/460 555/990/540 632/987/131
f 623/988/602 632/987/131 633/992/609
f 623/988/602 633/992/609 622/993/601
f 622/993/601 633/992/609 626/994/604
f 462/995/454 467/996/457 555/990/540
f 555/990/540 467/996/457 466/997/133
f 632/987/131 555/990/540 634/998/196
f 555/990/540 466/997/133 635/999/206
f 555/990/540 635/999/206 634/998/196
f 465/1000/456 466/997/133 463/1001/455
f 466/997/133 465/1000/456 636/1002/610
f 466/997/133 636/1002/610 635/999/206
f 636/1002/610 465/1000/456 637/1003/611
f 635/999/206 636/1002/610 638/1004/612
f 638/1004/612 636/1002/610 639/1005/613
f 638/1004/612 639/1005/613 640/1006/196
f 640/1006/196 639/1005/613 641/1007/614
f 638/1004/612 640/1006/196 642/1008/615
f 642/1008/615 640/1006/196 643/1009/616
f 642/1008/615 643/1009/616 644/1010/617
f 642/1008/615 644/1010/617 645/1011/310
f 635/999/206 638/1004/612 646/1012/618
f 646/1012/618 638/1004/612 642/1008/615
f 635/999/206 646/1012/618 634/998/196
f 642/1008/615 645/1011/310 647/1013/619
f 642/1008/615 647/1013/619 646/1012/618
f 647/1013/619 645/1011/310 648/1014/620
f 648/1014/620 645/1011/310 649/1015/621
f 646/1012/618 647/1013/619 650/1016/622
f 646/1012/618 650/1016/622 634/998/196
f 647/1013/619 648/1014/620 651/1017/623
f 651/1017/623 648/1014/620 649/1015/621
f 647/1013/619 651/1017/623 650/1016/622
f 651/1017/623 649/1015/621 652/1018/624
f 652/1018/624 649/1015/621 653/1019/625
f 650/1016/622 651/1017/623 618/1020/597
f 618/1020/597 651/1017/623 652/1018/624
f 650/1016/622 618/1020/597 617/1021/596
f 618/1020/597 652/1018/624 654/1022/626
f 654/1022/626 652/1018/624 653/1019/625
f 618/1020/597 654/1022/626 615/1023/594
f 615/1023/594 654/1022/626 613/1024/592
f 613/1024/592 654/1022/626 653/1019/625
f 613/1024/592 653/1019/625 655/1025/627
f 650/1016/622 617/1021/596 656/1026/628
f 650/1016/622 656/1026/628 634/998/196
f 656/1026/628 617/1021/596 620/1027/599
f 656/1026/628 620/1027/599 625/1028/603
f 634/998/196 656/1026/628 657/1029/629
f 657/1029/629 656/1026/628 625/1028/603
f 634/998/196 657/1029/629 632/987/131
f 632/987/131 657/1029/629 633/992/609
f 657/1029/629 625/1028/603 658/1030/630
f 657/1029/629 658/1030/630 659/1031/631
f 659/1031/631 658/1030/630 625/1028/603
f 657/1029/629 659/1031/631 633/992/609
f 659/1031/631 625/1028/603 624/1032/310
f 633/992/609 659/1031/631 660/1033/632
f 633/992/609 660/1033/632 661/1034/633
f 633/992/609 661/1034/633 626/994/604
f 660/1033/632 659/1031/631 662/1035/634
f 660/1033/632 662/1035/634 661/1034/633
f 662/1035/634 659/1031/631 624/1032/310
f 661/1034/633 662/1035/634 626/994/604
f 626/994/604 662/1035/634 624/1032/310
f 579/1036/560 663/1037/457 493/1038/480
f 493/1038/480 663/1037/457 637/1039/611
f 663/1037/457 579/1036/560 575/1040/559
f 663/1037/457 575/1040/559 664/1041/559
f 663/1037/457 664/1041/559 665/1042/635
f 637/1043/611 465/1044/456 493/1045/480
f 516/1046/36 171/1047/157 666/1048/36
f 516/1046/36 666/1048/36 667/1049/636
f 516/1046/36 667/1049/636 668/1050/637
f 516/1046/36 668/1050/637 533/1051/518
f 533/1051/518 668/1050/637 669/1052/638
f 533/1051/518 669/1052/638 670/1053/639
f 671/1054/36 670/1053/639 667/1049/636
f 670/1053/639 669/1052/638 672/1055/640
f 670/1053/639 672/1055/640 667/1049/636
f 672/1055/640 669/1052/638 668/1050/637
f 673/1056/641 668/1050/637 667/1049/636
f 668/1050/637 673/1056/641 672/1055/640
f 672/1055/640 673/1056/641 667/1049/636
f 631/1057/36 36/1058/36 674/1059/36
f 674/1059/36 36/1058/36 675/1060/642
f 674/1059/36 675/1060/642 676/1061/643
f 676/1061/643 675/1060/642 677/1062/644
f 675/1060/642 36/1058/36 678/1063/645
f 678/1063/645 36/1058/36 584/1064/564
f 677/1062/644 675/1060/642 679/1065/646
f 678/1063/645 584/1064/564 680/1066/647
f 680/1066/647 584/1064/564 585/1067/565
f 680/1066/647 585/1067/565 588/1068/567
f 678/1063/645 680/1066/647 681/1069/648
f 675/1060/642 678/1063/645 682/1070/649
f 682/1070/649 678/1063/645 681/1069/648
f 675/1060/642 682/1070/649 679/1065/646
f 681/1069/648 680/1066/647 683/1071/650
f 683/1071/650 680/1066/647 588/1068/567
f 681/1069/648 683/1071/650 682/1070/649
f 683/1071/650 588/1068/567 605/1072/584
f 682/1070/649 683/1071/650 684/1073/651
f 683/1071/650 605/1072/584 685/1074/652
f 682/1070/649 684/1073/651 686/1075/653
f 682/1070/649 686/1075/653 679/1065/646
f 684/1073/651 683/1071/650 687/1076/654
f 687/1076/654 683/1071/650 685/1074/652
f 684/1073/651 687/1076/654 686/1075/653
f 685/1074/652 605/1072/584 688/1077/655
f 685/1074/652 688/1077/655 687/1076/654
f 688/1077/655 605/1072/584 606/1078/585
f 688/1077/655 606/1078/585 611/1079/590
f 688/1077/655 611/1079/590 689/1080/656
f 689/1080/656 611/1079/590 612/1081/591
f 687/1076/654 688/1077/655 690/1082/657
f 688/1077/655 689/1080/656 691/1083/658
f 688/1077/655 691/1083/658 690/1082/657
f 689/1080/656 612/1081/591 692/1084/659
f 689/1080/656 692/1084/659 691/1083/658
f 692/1084/659 612/1081/591 655/1085/627
f 655/1085/627 612/1081/591 613/1086/592
f 691/1083/658 692/1084/659 693/1087/660
f 691/1083/658 693/1087/660 690/1082/657
f 692/1084/659 655/1085/627 694/1088/661
f 692/1084/659 694/1088/661 693/1087/660
f 694/1088/661 655/1085/627 653/1089/625
f 690/1082/657 693/1087/660 695/1090/662
f 690/1082/657 695/1090/662 687/1076/654
f 687/1076/654 695/1090/662 686/1075/653
f 695/1090/662 693/1087/660 696/1091/663
f 686/1075/653 695/1090/662 697/1092/664
f 697/1092/664 695/1090/662 696/1091/663
f 696/1091/663 693/1087/660 698/1093/665
f 698/1093/665 693/1087/660 694/1088/661
f 696/1091/663 698/1093/665 699/1094/666
f 698/1093/665 694/1088/661 700/1095/667
f 700/1095/667 694/1088/661 653/1089/625
f 697/1092/664 696/1091/663 701/1096/668
f 701/1096/668 696/1091/663 699/1094/666
f 697/1092/664 701/1096/668 702/1097/669
f 702/1097/669 701/1096/668 699/1094/666
f 700/1095/667 653/1089/625 703/1098/670
f 703/1098/670 653/1089/625 649/1099/621
f 703/1098/670 649/1099/621 645/1100/310
f 700/1095/667 703/1098/670 704/1101/671
f 704/1101/671 703/1098/670 705/1102/672
f 705/1102/672 703/1098/670 706/1103/673
f 706/1103/673 703/1098/670 645/1100/310
f 706/1103/673 645/1100/310 707/1104/674
f 707/1104/674 645/1100/310 644/1105/617
f 707/1104/674 644/1105/617 643/1106/616
f 700/1095/667 704/1101/671 708/1107/675
f 700/1095/667 708/1107/675 698/1093/665
f 698/1093/665 708/1107/675 699/1094/666
f 708/1107/675 704/1101/671 709/1108/676
f 699/1094/666 708/1107/675 710/1109/677
f 710/1109/677 708/1107/675 709/1108/676
f 699/1094/666 710/1109/677 711/1110/678
f 710/1109/677 709/1108/676 712/1111/679
f 710/1109/677 712/1111/679 711/1110/678
f 712/1111/679 709/1108/676 713/1112/680
f 699/1094/666 711/1110/678 702/1097/669
f 712/1111/679 713/1112/680 714/1113/681
f 714/1113/681 713/1112/680 715/1114/682
f 711/1110/678 712/1111/679 716/1115/683
f 711/1110/678 716/1115/683 702/1097/669
f 712/1111/679 714/1113/681 717/1116/684
f 712/1111/679 717/1116/684 716/1115/683
f 702/1097/669 716/1115/683 718/1117/685
f 716/1115/683 717/1116/684 719/1118/686
f 716/1115/683 719/1118/686 718/1117/685
f 719/1118/686 717/1116/684 720/1119/687
f 719/1118/686 720/1119/687 718/1117/685
f 720/1119/687 717/1116/684 714/1113/681
f 718/1117/685 720/1119/687 702/1097/669
f 721/1120/688 714/1113/681 715/1114/682
f 714/1113/681 721/1120/688 720/1119/687
f 702/1097/669 720/1119/687 722/1121/689
f 722/1121/689 720/1119/687 721/1120/688
f 702/1097/669 722/1121/689 697/1092/664
f 721/1120/688 715/1114/682 723/1122/690
f 721/1120/688 723/1122/690 722/1121/689
f 723/1122/690 715/1114/682 677/1062/644
f 723/1122/690 677/1062/644 679/1065/646
f 722/1121/689 723/1122/690 724/1123/691
f 722/1121/689 724/1123/691 697/1092/664
f 724/1123/691 723/1122/690 679/1065/646
f 697/1092/664 724/1123/691 686/1075/653
f 686/1075/653 724/1123/691 679/1065/646
f 639/1124/613 636/1125/610 637/1126/611
f 639/1124/613 637/1126/611 725/1127/692
f 725/1127/692 637/1126/611 663/1128/457
f 639/1124/613 725/1127/692 641/1129/614
f 725/1127/692 663/1128/457 726/1130/693
f 641/1129/614 725/1127/692 727/1131/131
f 641/1129/614 727/1131/131 643/1132/616
f 643/1132/616 727/1131/131 707/1133/674
f 727/1131/131 725/1127/692 728/1134/694
f 728/1134/694 725/1127/692 726/1130/693
f 707/1133/674 727/1131/131 729/1135/695
f 729/1135/695 727/1131/131 728/1134/694
f 730/1136/696 726/1130/693 665/1137/635
f 726/1130/693 730/1136/696 728/1134/694
f 728/1134/694 730/1136/696 731/1138/622
f 731/1138/622 730/1136/696 732/1139/635
f 728/1134/694 731/1138/622 733/1140/697
f 728/1134/694 733/1140/697 734/1141/698
f 728/1134/694 734/1141/698 729/1135/695
f 733/1140/697 731/1138/622 735/1142/697
f 736/1143/699 731/1138/622 737/1144/700
f 731/1138/622 736/1143/699 735/1142/697
f 735/1142/697 736/1143/699 738/1145/701
f 735/1142/697 738/1145/701 739/1146/381
f 739/1146/381 738/1145/701 740/1147/702
f 739/1146/381 740/1147/702 741/1148/695
f 735/1142/697 739/1146/381 742/1149/610
f 735/1142/697 742/1149/610 733/1140/697
f 742/1149/610 739/1146/381 741/1148/695
f 733/1140/697 742/1149/610 734/1141/698
f 742/1149/610 741/1148/695 743/1150/703
f 742/1149/610 743/1150/703 734/1141/698
f 734/1141/698 743/1150/703 744/1151/704
f 744/1151/704 743/1150/703 705/1152/672
f 744/1151/704 705/1152/672 706/1153/673
f 734/1141/698 744/1151/704 745/1154/705
f 734/1141/698 745/1154/705 746/1155/706
f 734/1141/698 746/1155/706 729/1135/695
f 745/1154/705 744/1151/704 747/1156/707
f 745/1154/705 747/1156/707 746/1155/706
f 744/1151/704 706/1153/673 748/1157/708
f 744/1151/704 748/1157/708 747/1156/707
f 747/1156/707 748/1157/708 749/1158/709
f 747/1156/707 749/1158/709 746/1155/706
f 746/1155/706 749/1158/709 748/1157/708
f 746/1155/706 748/1157/708 750/1159/710
f 751/1160/711 729/1135/695 746/1155/706
f 751/1160/711 746/1155/706 750/1159/710
f 750/1159/710 748/1157/708 752/1161/712
f 750/1159/710 752/1161/712 751/1160/711
f 753/1162/713 748/1157/708 706/1153/673
f 748/1157/708 753/1162/713 752/1161/712
f 753/1162/713 706/1153/673 707/1133/674
f 754/1163/714 729/1135/695 751/1160/711
f 754/1163/714 751/1160/711 752/1161/712
f 729/1135/695 754/1163/714 707/1133/674
f 754/1163/714 752/1161/712 753/1162/713
f 754/1163/714 753/1162/713 707/1133/674
f 171/1164/157 674/1165/36 666/1166/36
f 666/1166/36 674/1165/36 755/1167/169
f 755/1167/169 674/1165/36 756/1168/715
f 667/1169/636 666/1166/36 671/1170/36
f 671/1170/36 666/1166/36 755/1167/169
f 755/1167/169 756/1168/715 757/1171/716
f 671/1170/36 755/1167/169 758/1172/717
f 671/1170/36 758/1172/717 759/1173/718
f 758/1172/717 755/1167/169 760/1174/719
f 760/1174/719 755/1167/169 757/1171/716
f 759/1173/718 758/1172/717 761/1175/720
f 761/1175/720 758/1172/717 760/1174/719
f 671/1170/36 759/1173/718 762/1176/721
f 762/1176/721 759/1173/718 761/1175/720
f 762/1176/721 761/1175/720 760/1174/719
f 671/1170/36 762/1176/721 670/1177/639
f 670/1177/639 762/1176/721 763/1178/722
f 763/1178/722 762/1176/721 764/1179/723
f 762/1176/721 760/1174/719 765/1180/724
f 762/1176/721 765/1180/724 764/1179/723
f 765/1180/724 760/1174/719 757/1171/716
f 763/1178/722 764/1179/723 766/1181/725
f 763/1178/722 766/1181/725 767/1182/726
f 766/1181/725 764/1179/723 765/1180/724
f 768/1183/727 757/1171/716 756/1168/715
f 757/1171/716 768/1183/727 769/1184/728
f 768/1183/727 756/1168/715 770/1185/729
f 768/1183/727 770/1185/729 769/1184/728
f 770/1185/729 756/1168/715 771/1186/730
f 770/1185/729 771/1186/730 772/1187/36
f 770/1185/729 772/1187/36 769/1184/728
f 769/1184/728 772/1187/36 757/1171/716
f 757/1171/716 772/1187/36 765/1180/724
f 765/1180/724 772/1187/36 773/1188/731
f 773/1188/731 772/1187/36 774/1189/732
f 765/1180/724 773/1188/731 775/1190/733
f 773/1188/731 774/1189/732 776/1191/734
f 773/1188/731 776/1191/734 775/1190/733
f 776/1191/734 774/1189/732 777/1192/735
f 777/1192/735 774/1189/732 778/1193/736
f 776/1191/734 777/1192/735 779/1194/737
f 779/1194/737 777/1192/735 778/1193/736
f 776/1191/734 779/1194/737 775/1190/733
f 779/1194/737 778/1193/736 780/1195/738
f 781/1196/739 765/1180/724 775/1190/733
f 765/1180/724 781/1196/739 766/1181/725
f 766/1181/725 781/1196/739 782/1197/740
f 782/1197/740 781/1196/739 783/1198/741
f 775/1190/733 779/1194/737 784/1199/742
f 784/1199/742 779/1194/737 785/1200/743
f 784/1199/742 785/1200/743 786/1201/744
f 775/1190/733 784/1199/742 787/1202/745
f 775/1190/733 787/1202/745 781/1196/739
f 787/1202/745 784/1199/742 788/1203/746
f 787/1202/745 788/1203/746 781/1196/739
f 788/1203/746 784/1199/742 789/1204/747
f 788/1203/746 789/1204/747 790/1205/748
f 788/1203/746 790/1205/748 791/1206/749
f 788/1203/746 791/1206/749 781/1196/739
f 791/1206/749 790/1205/748 792/1207/750
f 781/1196/739 791/1206/749 793/1208/751
f 793/1208/751 791/1206/749 792/1207/750
f 781/1196/739 793/1208/751 783/1198/741
f 793/1208/751 792/1207/750 794/1209/752
f 793/1208/751 794/1209/752 783/1198/741
f 171/1210/157 631/1211/36 674/1212/36
f 573/1213/557 664/1214/559 575/1215/559
f 664/1214/559 573/1213/557 795/1216/753
f 664/1214/559 795/1216/753 665/1217/635
f 665/1217/635 795/1216/753 796/1218/460
f 795/1216/753 573/1213/557 797/1219/754
f 795/1216/753 797/1219/754 796/1218/460
f 796/1218/460 797/1219/754 798/1220/755
f 798/1220/755 797/1219/754 799/1221/756
f 799/1221/756 797/1219/754 800/1222/757
f 798/1220/755 799/1221/756 801/1223/758
f 798/1220/755 801/1223/758 802/1224/759
f 799/1221/756 800/1222/757 803/1225/760
f 799/1221/756 803/1225/760 801/1223/758
f 803/1225/760 800/1222/757 804/1226/761
f 801/1223/758 803/1225/760 805/1227/762
f 805/1227/762 803/1225/760 806/1228/763
f 726/1229/693 663/1230/457 665/1231/635
f 641/1232/614 643/1233/616 640/1234/196
f 573/1235/557 807/1236/764 797/1237/754
f 808/1238/765 809/1239/766 797/1237/754
f 808/1238/765 797/1237/754 807/1236/764
f 808/1238/765 807/1236/764 810/1240/767
f 807/1236/764 573/1235/557 572/1241/556
f 810/1240/767 807/1236/764 811/1242/768
f 810/1240/767 811/1242/768 812/1243/769
f 810/1240/767 812/1243/769 813/1244/770
f 813/1244/770 812/1243/769 811/1242/768
f 813/1244/770 811/1242/768 807/1236/764
f 813/1244/770 807/1236/764 814/1245/771
f 813/1244/770 814/1245/771 815/1246/772
f 814/1245/771 807/1236/764 816/1247/773
f 816/1247/773 807/1236/764 572/1241/556
f 814/1245/771 816/1247/773 815/1246/772
f 815/1246/772 816/1247/773 817/1248/774
f 816/1247/773 572/1241/556 818/1249/775
f 816/1247/773 818/1249/775 817/1248/774
f 815/1246/772 817/1248/774 819/1250/776
f 819/1250/776 817/1248/774 818/1249/775
f 815/1246/772 819/1250/776 820/1251/777
f 820/1251/777 819/1250/776 818/1249/775
f 815/1246/772 820/1251/777 821/1252/778
f 821/1252/778 820/1251/777 818/1249/775
f 822/1253/779 818/1249/775 572/1241/556
f 818/1249/775 822/1253/779 821/1252/778
f 822/1253/779 572/1241/556 823/1254/780
f 822/1253/779 823/1254/780 821/1252/778
f 796/1255/460 730/1256/696 665/1257/635
f 730/1256/696 796/1255/460 732/1258/635
f 732/1258/635 796/1255/460 824/1259/289
f 732/1258/635 824/1259/289 825/1260/781
f 824/1259/289 796/1255/460 798/1261/755
f 824/1259/289 798/1261/755 825/1260/781
f 534/1262/519 533/1263/518 538/1264/523
f 538/1264/523 533/1263/518 826/1265/782
f 826/1265/782 533/1263/518 670/1266/639
f 538/1264/523 826/1265/782 827/1267/783
f 538/1264/523 827/1267/783 828/1268/784
f 827/1267/783 826/1265/782 829/1269/785
f 538/1264/523 828/1268/784 537/1270/522
f 827/1267/783 829/1269/785 830/1271/740
f 828/1268/784 827/1267/783 831/1272/786
f 828/1268/784 831/1272/786 832/1273/787
f 828/1268/784 832/1273/787 551/1274/536
f 537/1270/522 828/1268/784 833/1275/788
f 833/1275/788 828/1268/784 551/1274/536
f 537/1270/522 833/1275/788 542/1276/527
f 542/1276/527 833/1275/788 551/1274/536
f 834/1277/789 830/1271/740 829/1269/785
f 834/1277/789 829/1269/785 826/1265/782
f 834/1277/789 826/1265/782 670/1266/639
f 830/1271/740 834/1277/789 782/1278/740
f 834/1277/789 670/1266/639 835/1279/790
f 835/1279/790 670/1266/639 763/1280/722
f 782/1278/740 834/1277/789 767/1281/726
f 835/1279/790 763/1280/722 767/1281/726
f 835/1279/790 767/1281/726 834/1277/789
f 782/1278/740 767/1281/726 766/1282/725
f 809/1283/766 808/1284/765 836/1285/791
f 836/1285/791 808/1284/765 837/1286/792
f 836/1285/791 837/1286/792 809/1283/766
f 809/1283/766 837/1286/792 838/1287/793
f 809/1283/766 838/1287/793 839/1288/794
f 839/1288/794 838/1287/793 840/1289/795
f 840/1289/795 838/1287/793 837/1286/792
f 839/1288/794 840/1289/795 841/1290/796
f 841/1290/796 840/1289/795 842/1291/797
f 840/1289/795 837/1286/792 843/1292/798
f 840/1289/795 843/1292/798 842/1291/797
f 843/1292/798 837/1286/792 808/1284/765
f 842/1291/797 843/1292/798 844/1293/799
f 843/1292/798 808/1284/765 810/1294/767
f 843/1292/798 810/1294/767 844/1293/799
f 844/1293/799 810/1294/767 823/1295/780
f 823/1295/780 810/1294/767 821/1296/778
f 821/1296/778 810/1294/767 813/1297/770
f 821/1296/778 813/1297/770 815/1298/772
f 823/1299/780 568/1300/552 567/1301/551
f 568/1300/552 823/1299/780 572/1302/556
f 823/1299/780 567/1301/551 844/1303/799
f 844/1303/799 567/1301/551 845/1304/800
f 845/1304/800 567/1301/551 846/1305/513
f 845/1304/800 846/1305/513 847/1306/801
f 847/1306/801 846/1305/513 848/1307/802
f 847/1306/801 848/1307/802 849/1308/803
f 549/1309/534 553/1310/538 547/1311/532
f 547/1311/532 553/1310/538 850/1312/804
f 547/1311/532 850/1312/804 851/1313/805
f 547/1311/532 851/1313/805 545/1314/530
f 545/1314/530 851/1313/805 852/1315/806
f 852/1315/806 851/1313/805 846/1316/513
f 852/1315/806 846/1316/513 567/1317/551
f 852/1315/806 567/1317/551 545/1314/530
f 545/1314/530 567/1317/551 540/1318/525
f 853/1319/807 552/1320/537 551/1321/536
f 552/1320/537 853/1319/807 854/1322/808
f 854/1322/808 853/1319/807 551/1321/536
f 854/1322/808 551/1321/536 855/1323/809
f 855/1323/809 551/1321/536 832/1324/787
f 850/1325/804 553/1326/538 854/1322/808
f 850/1325/804 854/1322/808 855/1323/809
f 850/1325/804 855/1323/809 856/1327/810
f 850/1325/804 856/1327/810 851/1328/805
f 855/1323/809 832/1324/787 857/1329/811
f 857/1329/811 832/1324/787 831/1330/786
f 856/1327/810 855/1323/809 858/1331/812
f 856/1327/810 858/1331/812 851/1328/805
f 858/1331/812 855/1323/809 857/1329/811
f 858/1331/812 857/1329/811 831/1330/786
f 851/1328/805 858/1331/812 846/1332/513
f 858/1331/812 831/1330/786 827/1333/783
f 858/1331/812 827/1333/783 846/1332/513
f 846/1332/513 827/1333/783 830/1334/740
f 846/1332/513 830/1334/740 848/1335/802
f 839/1336/794 841/1337/796 809/1338/766
f 809/1338/766 841/1337/796 859/1339/813
f 809/1338/766 859/1339/813 800/1340/757
f 809/1338/766 800/1340/757 797/1341/754
f 854/1342/808 553/1343/538 552/1344/537
f 804/1345/761 860/1346/814 801/1347/758
f 801/1347/758 860/1346/814 802/1348/759
f 802/1348/759 860/1346/814 804/1345/761
f 859/1349/813 804/1345/761 800/1350/757
f 804/1345/761 859/1349/813 841/1351/796
f 804/1345/761 841/1351/796 842/1352/797
f 804/1345/761 842/1352/797 802/1348/759
f 802/1348/759 842/1352/797 861/1353/815
f 861/1353/815 842/1352/797 737/1354/700
f 802/1348/759 861/1353/815 798/1355/755
f 798/1355/755 861/1353/815 825/1356/781
f 801/1357/758 805/1358/762 804/1359/761
f 804/1360/761 806/1361/763 803/1362/760
f 806/1361/763 804/1360/761 805/1363/762
f 677/1364/644 715/1365/682 862/1366/816
f 677/1364/644 862/1366/816 863/1367/817
f 863/1367/817 862/1366/816 864/1368/818
f 677/1364/644 863/1367/817 865/1369/819
f 677/1364/644 865/1369/819 676/1370/643
f 863/1367/817 864/1368/818 866/1371/820
f 866/1371/820 864/1368/818 867/1372/821
f 866/1371/820 867/1372/821 868/1373/822
f 863/1367/817 866/1371/820 869/1374/823
f 863/1367/817 869/1374/823 865/1369/819
f 676/1370/643 865/1369/819 870/1375/824
f 870/1375/824 865/1369/819 869/1374/823
f 676/1370/643 870/1375/824 674/1376/36
f 869/1374/823 866/1371/820 871/1377/825
f 871/1377/825 866/1371/820 872/1378/826
f 870/1375/824 869/1374/823 873/1379/827
f 873/1379/827 869/1374/823 871/1377/825
f 870/1375/824 873/1379/827 674/1376/36
f 756/1380/715 674/1376/36 771/1381/730
f 771/1381/730 674/1376/36 772/1382/36
f 772/1382/36 674/1376/36 874/1383/828
f 874/1383/828 674/1376/36 873/1379/827
f 772/1382/36 874/1383/828 774/1384/732
f 873/1379/827 871/1377/825 875/1385/829
f 873/1379/827 875/1385/829 874/1383/828
f 876/1386/830 871/1377/825 872/1378/826
f 871/1377/825 876/1386/830 875/1385/829
f 876/1386/830 872/1378/826 877/1387/831
f 876/1386/830 877/1387/831 878/1388/832
f 878/1388/832 877/1387/831 879/1389/833
f 878/1388/832 879/1389/833 880/1390/834
f 876/1386/830 878/1388/832 881/1391/835
f 876/1386/830 881/1391/835 875/1385/829
f 878/1388/832 880/1390/834 882/1392/836
f 878/1388/832 882/1392/836 881/1391/835
f 882/1392/836 880/1390/834 883/1393/837
f 882/1392/836 883/1393/837 884/1394/838
f 881/1391/835 882/1392/836 885/1395/839
f 885/1395/839 882/1392/836 884/1394/838
f 875/1385/829 881/1391/835 886/1396/840
f 886/1396/840 881/1391/835 885/1395/839
f 885/1395/839 884/1394/838 887/1397/841
f 887/1397/841 884/1394/838 888/1398/842
f 886/1396/840 885/1395/839 889/1399/843
f 889/1399/843 885/1395/839 887/1397/841
f 875/1385/829 886/1396/840 890/1400/844
f 890/1400/844 886/1396/840 889/1399/843
f 875/1385/829 890/1400/844 891/1401/845
f 875/1385/829 891/1401/845 874/1383/828
f 887/1397/841 888/1398/842 892/1402/846
f 892/1402/846 888/1398/842 740/1403/702
f 889/1399/843 887/1397/841 893/1404/847
f 893/1404/847 887/1397/841 892/1402/846
f 892/1402/846 740/1403/702 738/1405/701
f 892/1402/846 738/1405/701 894/1406/848
f 894/1406/848 738/1405/701 736/1407/699
f 892/1402/846 894/1406/848 786/1408/744
f 892/1402/846 786/1408/744 893/1404/847
f 893/1404/847 786/1408/744 785/1409/743
f 889/1399/843 893/1404/847 895/1410/849
f 889/1399/843 895/1410/849 890/1400/844
f 893/1404/847 785/1409/743 896/1411/850
f 893/1404/847 896/1411/850 895/1410/849
f 896/1411/850 785/1409/743 779/1412/737
f 896/1411/850 779/1412/737 780/1413/738
f 896/1411/850 780/1413/738 895/1410/849
f 890/1400/844 895/1410/849 897/1414/851
f 890/1400/844 897/1414/851 891/1401/845
f 891/1401/845 897/1414/851 874/1383/828
f 897/1414/851 895/1410/849 898/1415/852
f 897/1414/851 898/1415/852 874/1383/828
f 898/1415/852 895/1410/849 780/1413/738
f 874/1383/828 898/1415/852 899/1416/853
f 899/1416/853 898/1415/852 780/1413/738
f 874/1383/828 899/1416/853 774/1384/732
f 774/1384/732 899/1416/853 780/1413/738
f 774/1384/732 780/1413/738 778/1417/736
f 900/1418/854 901/1419/855 830/1420/740
f 830/1420/740 901/1419/855 848/1421/802
f 848/1421/802 901/1419/855 849/1422/803
f 900/1418/854 830/1420/740 782/1423/740
f 901/1419/855 900/1418/854 902/1424/856
f 849/1422/803 901/1419/855 903/1425/857
f 903/1425/857 901/1419/855 902/1424/856
f 849/1422/803 903/1425/857 904/1426/858
f 902/1424/856 900/1418/854 905/1427/859
f 902/1424/856 905/1427/859 903/1425/857
f 900/1418/854 782/1423/740 906/1428/860
f 900/1418/854 906/1428/860 905/1427/859
f 906/1428/860 782/1423/740 794/1429/752
f 906/1428/860 794/1429/752 905/1427/859
f 794/1429/752 782/1423/740 783/1430/741
f 905/1427/859 794/1429/752 792/1431/750
f 903/1425/857 905/1427/859 907/1432/861
f 907/1432/861 905/1427/859 792/1431/750
f 903/1425/857 907/1432/861 908/1433/862
f 907/1432/861 792/1431/750 909/1434/863
f 908/1433/862 907/1432/861 910/1435/864
f 910/1435/864 907/1432/861 909/1434/863
f 911/1436/865 713/1437/680 709/1438/676
f 715/1439/682 713/1437/680 862/1440/816
f 862/1440/816 713/1437/680 911/1436/865
f 862/1440/816 911/1436/865 912/1441/866
f 913/1442/867 912/1441/866 914/1443/868
f 914/1443/868 912/1441/866 915/1444/869
f 912/1441/866 911/1436/865 916/1445/870
f 912/1441/866 916/1445/870 915/1444/869
f 917/1446/871 911/1436/865 709/1438/676
f 911/1436/865 917/1446/871 916/1445/870
f 917/1446/871 709/1438/676 704/1447/671
f 918/1448/872 919/1449/873 915/1444/869
f 918/1448/872 915/1444/869 916/1445/870
f 918/1448/872 916/1445/870 920/1450/874
f 918/1448/872 920/1450/874 921/1451/875
f 921/1451/875 920/1450/874 922/1452/876
f 922/1452/876 920/1450/874 916/1445/870
f 921/1451/875 922/1452/876 923/1453/877
f 923/1453/877 922/1452/876 924/1454/878
f 924/1454/878 922/1452/876 925/1455/879
f 925/1455/879 922/1452/876 916/1445/870
f 924/1454/878 925/1455/879 926/1456/880
f 925/1455/879 916/1445/870 927/1457/881
f 927/1457/881 916/1445/870 917/1446/871
f 925/1455/879 927/1457/881 926/1456/880
f 927/1457/881 917/1446/871 928/1458/882
f 928/1458/882 917/1446/871 704/1447/671
f 928/1458/882 704/1447/671 705/1459/672
f 928/1458/882 705/1459/672 743/1460/703
f 927/1457/881 928/1458/882 929/1461/883
f 929/1461/883 928/1458/882 743/1460/703
f 927/1457/881 929/1461/883 930/1462/884
f 927/1457/881 930/1462/884 926/1456/880
f 930/1462/884 929/1461/883 883/1463/837
f 930/1462/884 883/1463/837 926/1456/880
f 929/1461/883 743/1460/703 931/1464/885
f 929/1461/883 931/1464/885 883/1463/837
f 926/1456/880 883/1463/837 880/1465/834
f 926/1456/880 880/1465/834 932/1466/886
f 926/1456/880 932/1466/886 923/1467/877
f 883/1463/837 931/1464/885 884/1468/838
f 931/1464/885 743/1460/703 741/1469/695
f 884/1468/838 931/1464/885 888/1470/842
f 888/1470/842 931/1464/885 741/1469/695
f 888/1470/842 741/1469/695 740/1471/702
f 933/1472/887 825/1473/781 934/1474/888
f 934/1474/888 825/1473/781 861/1475/815
f 825/1473/781 933/1472/887 935/1476/889
f 933/1472/887 934/1474/888 936/1477/890
f 933/1472/887 936/1477/890 935/1476/889
f 936/1477/890 934/1474/888 937/1478/891
f 936/1477/890 937/1478/891 935/1476/889
f 937/1478/891 934/1474/888 861/1475/815
f 935/1476/889 937/1478/891 938/1479/892
f 937/1478/891 861/1475/815 737/1480/700
f 937/1478/891 737/1480/700 938/1479/892
f 935/1481/889 732/1482/635 825/1483/781
f 732/1482/635 935/1481/889 938/1484/892
f 732/1482/635 938/1484/892 737/1485/700
f 732/1482/635 737/1485/700 731/1486/622
f 939/1487/893 842/1488/797 844/1489/799
f 842/1488/797 939/1487/893 737/1490/700
f 939/1487/893 844/1489/799 845/1491/800
f 737/1490/700 939/1487/893 736/1492/699
f 736/1492/699 939/1487/893 940/1493/894
f 940/1493/894 939/1487/893 845/1491/800
f 736/1492/699 940/1493/894 894/1494/848
f 894/1494/848 940/1493/894 941/1495/895
f 894/1494/848 941/1495/895 786/1496/744
f 940/1493/894 845/1491/800 942/1497/896
f 940/1493/894 942/1497/896 941/1495/895
f 941/1495/895 942/1497/896 943/1498/897
f 942/1497/896 845/1491/800 847/1499/801
f 942/1497/896 847/1499/801 904/1500/858
f 904/1500/858 847/1499/801 849/1501/803
f 908/1502/862 904/1503/858 903/1504/857
f 904/1503/858 908/1502/862 910/1505/864
f 904/1503/858 910/1505/864 943/1506/897
f 904/1503/858 943/1506/897 942/1507/896
f 943/1506/897 910/1505/864 909/1508/863
f 943/1506/897 909/1508/863 789/1509/747
f 862/1510/816 912/1511/866 864/1512/818
f 864/1512/818 912/1511/866 944/1513/898
f 864/1512/818 944/1513/898 868/1514/822
f 790/1515/748 789/1516/747 792/1517/750
f 864/1518/818 868/1519/822 945/1520/899
f 864/1518/818 945/1520/899 946/1521/900
f 946/1521/900 945/1520/899 866/1522/820
f 866/1522/820 945/1520/899 872/1523/826
f 872/1523/826 945/1520/899 947/1524/901
f 945/1520/899 868/1519/822 948/1525/902
f 945/1520/899 948/1525/902 947/1524/901
f 872/1523/826 947/1524/901 949/1526/903
f 949/1526/903 947/1524/901 948/1525/902
f 872/1523/826 949/1526/903 950/1527/904
f 950/1527/904 949/1526/903 948/1525/902
f 872/1523/826 950/1527/904 877/1528/831
f 877/1528/831 950/1527/904 879/1529/833
f 921/1530/875 948/1525/902 868/1519/822
f 921/1530/875 868/1519/822 867/1531/821
f 950/1527/904 948/1525/902 951/1532/905
f 950/1527/904 951/1532/905 879/1529/833
f 951/1532/905 948/1525/902 921/1530/875
f 921/1530/875 867/1531/821 944/1533/898
f 879/1529/833 951/1532/905 932/1534/886
f 879/1529/833 932/1534/886 880/1535/834
f 932/1534/886 951/1532/905 923/1536/877
f 923/1536/877 951/1532/905 921/1530/875
f 921/1530/875 944/1533/898 919/1537/873
f 921/1530/875 919/1537/873 918/1538/872
f 919/1537/873 944/1533/898 913/1539/867
f 913/1539/867 944/1533/898 912/1540/866
f 919/1537/873 913/1539/867 915/1541/869
f 915/1541/869 913/1539/867 914/1542/868
f 868/1543/822 944/1544/898 946/1545/900
f 868/1543/822 946/1545/900 866/1546/820
f 946/1545/900 944/1544/898 867/1547/821
f 946/1545/900 867/1547/821 864/1548/818
f 792/1549/750 789/1550/747 909/1551/863
f 789/1552/747 941/1553/895 943/1554/897
f 941/1553/895 789/1552/747 784/1555/742
f 941/1553/895 784/1555/742 786/1556/744
f 923/1557/877 924/1558/878 926/1559/880
